"Time (s)","Linear Acceleration x (m/s^2)","Linear Acceleration y (m/s^2)","Linear Acceleration z (m/s^2)","Absolute acceleration (m/s^2)"
1.076848850E-1,5.600000173E-2,-2.300000004E-2,-1.860000044E-1,1.956041969E-1
1.126521920E-1,-7.000000216E-3,4.399999976E-2,-3.900000080E-2,5.921148575E-2
1.176196540E-1,-6.800000370E-2,1.250000000E-1,-9.000000358E-2,1.683716162E-1
1.225870190E-1,-5.400000140E-2,6.100000069E-2,-2.199999988E-2,8.438601916E-2
1.275544030E-1,-5.400000140E-2,5.999999866E-2,-1.720000058E-1,1.900000053E-1
1.325217110E-1,-3.700000048E-2,5.900000036E-2,-7.599999756E-2,1.030824898E-1
1.374891810E-1,2.999999933E-2,-7.599999756E-2,-4.899999872E-2,9.527328830E-2
1.424564890E-1,-1.099999994E-2,1.799999923E-2,-1.169999987E-1,1.188864991E-1
1.474238500E-1,8.900000155E-2,-1.270000041E-1,-4.899999872E-2,1.626376376E-1
1.523912340E-1,4.199999943E-2,-6.800000370E-2,4.000000190E-3,8.002499895E-2
1.573586960E-1,-7.800000161E-2,2.300000004E-2,-4.899999872E-2,9.494208828E-2
1.623259890E-1,8.999999613E-3,-8.000000380E-3,-1.030000001E-1,1.037014948E-1
1.672933730E-1,-1.200000010E-2,-1.000000047E-3,-1.169999987E-1,1.176180245E-1
1.722608350E-1,-8.299999684E-2,1.999999955E-2,-7.599999756E-2,1.143022270E-1
1.772282190E-1,-7.000000030E-2,-6.000000052E-3,-1.169999987E-1,1.364734397E-1
1.821955270E-1,-9.700000286E-2,-4.699999839E-2,-7.599999756E-2,1.318863148E-1
1.871629930E-1,-5.600000173E-2,-4.699999839E-2,-6.300000101E-2,9.650906781E-2
1.921303770E-1,-8.299999684E-2,6.000000052E-3,-3.500000015E-2,9.027734758E-2
1.970977620E-1,-5.600000173E-2,1.999999955E-2,-1.580000073E-1,1.688194375E-1
2.020650700E-1,-8.299999684E-2,6.000000052E-3,-1.439999938E-1,1.663159574E-1
2.070325310E-1,3.799999878E-2,-6.100000069E-2,-2.199999988E-2,7.515982960E-2
2.119999160E-1,-1.509999931E-1,-6.000000052E-3,-1.030000001E-1,1.828824703E-1
2.169672240E-1,-5.600000173E-2,1.999999955E-2,-6.300000101E-2,8.663140483E-2
2.219346850E-1,-1.499999966E-2,-4.699999839E-2,4.999999888E-3,4.958830343E-2
2.269020790E-1,-1.099999994E-1,7.400000095E-2,1.410000026E-1,1.935381119E-1
2.318694630E-1,-7.000000030E-2,3.299999982E-2,1.410000026E-1,1.608415393E-1
2.368367710E-1,-8.299999684E-2,6.000000052E-3,-1.720000058E-1,1.910732883E-1
2.418042430E-1,-5.600000173E-2,7.400000095E-2,-2.119999975E-1,2.314216914E-1
2.467716270E-1,-1.379999965E-1,6.000000052E-3,-1.850000024E-1,2.308787559E-1
2.517389350E-1,-7.000000030E-2,-3.400000185E-2,-4.899999872E-2,9.196194888E-2
2.567062910E-1,-8.299999684E-2,-6.100000069E-2,-8.000000380E-3,1.033150500E-1
2.616737520E-1,-1.110000014E-1,1.999999955E-2,5.900000036E-2,1.272870785E-1
2.666411120E-1,-8.299999684E-2,-6.000000052E-3,-7.599999756E-2,1.126987094E-1
2.716084960E-1,-4.199999943E-2,1.999999955E-2,4.500000179E-2,6.472248524E-2
2.765758810E-1,-8.299999684E-2,-1.999999955E-2,-2.259999961E-1,2.415884883E-1
2.815432370E-1,-1.499999966E-2,-4.699999839E-2,-7.599999756E-2,9.060904738E-2
2.865105440E-1,-7.800000161E-2,3.099999949E-2,-1.720000058E-1,1.913870482E-1
2.914780060E-1,-9.099999815E-2,-6.400000304E-2,-7.599999756E-2,1.347330683E-1
2.964453720E-1,-1.049999967E-1,4.399999976E-2,-8.000000380E-3,1.141271190E-1
3.014127560E-1,-9.099999815E-2,8.500000089E-2,-3.500000015E-2,1.293483662E-1
3.063801360E-1,-3.400000185E-2,5.400000140E-2,-7.599999756E-2,9.923708936E-2
3.113475200E-1,1.899999939E-2,5.299999937E-2,4.999999888E-3,5.652433024E-2
3.163149050E-1,-1.019999981E-1,1.080000028E-1,-1.169999987E-1,1.890952139E-1
3.212822990E-1,-3.400000185E-2,2.600000054E-2,-6.300000101E-2,7.616429794E-2
3.262496830E-1,-4.500000179E-2,-6.400000304E-2,-9.000000358E-2,1.192518394E-1
3.312170680E-1,-7.199999690E-2,5.799999833E-2,-8.000000380E-3,9.280085865E-2
3.361846880E-1,-5.799999833E-2,4.399999976E-2,-1.040000021E-1,1.269488095E-1
3.411520730E-1,-7.100000232E-2,3.099999949E-2,-1.580000073E-1,1.759715960E-1
3.461192130E-1,-4.100000113E-2,-7.199999690E-2,3.099999949E-2,8.846468004E-2
3.510868280E-1,2.600000054E-2,-1.700000092E-2,4.000000190E-3,3.132092050E-2
3.560539820E-1,-1.400000043E-2,-5.799999833E-2,4.000000190E-3,5.979966405E-2
3.610213950E-1,-5.400000140E-2,8.999999613E-3,-8.000000380E-3,5.532630613E-2
3.659887790E-1,-6.400000304E-2,-1.180000007E-1,-5.000000075E-2,1.432480388E-1
3.709563950E-1,-7.699999958E-2,7.299999893E-2,-9.000000358E-2,1.391330314E-1
3.759235640E-1,-5.000000075E-2,-8.000000380E-3,-1.180000007E-1,1.284056083E-1
3.808909480E-1,-6.300000101E-2,4.999999888E-3,-9.000000358E-2,1.099727274E-1
3.858583230E-1,-3.400000185E-2,1.700000092E-2,-7.699999958E-2,8.587199830E-2
3.908259380E-1,-1.999999955E-2,1.700000092E-2,-5.000000075E-2,5.647123239E-2
3.957930920E-1,-1.999999955E-2,4.399999976E-2,-5.000000075E-2,6.954135486E-2
4.007606880E-1,-3.299999982E-2,-3.599999845E-2,-9.099999815E-2,1.032763261E-1
4.057280730E-1,-8.200000226E-2,1.600000076E-2,-7.699999958E-2,1.136177818E-1
4.106954580E-1,-1.300000027E-2,-7.900000364E-2,-7.699999958E-2,1.110810538E-1
4.156626210E-1,-8.100000024E-2,8.399999887E-2,4.500000179E-2,1.250679816E-1
4.206302360E-1,6.700000167E-2,2.000000095E-3,7.199999690E-2,9.837174278E-2
4.255973810E-1,-1.140000001E-1,6.599999964E-2,3.099999949E-2,1.353255332E-1
4.305647650E-1,-3.200000152E-2,-7.000000030E-2,-2.300000004E-2,8.033056791E-2
4.355321500E-1,3.500000015E-2,5.099999905E-2,4.000000190E-3,6.198386818E-2
4.404997790E-1,-7.299999893E-2,1.099999994E-2,1.809999943E-1,1.954763356E-1
4.454669330E-1,-6.800000370E-2,-3.999999911E-2,4.399999976E-2,9.033272059E-2
4.504343180E-1,-5.400000140E-2,-5.400000140E-2,-2.129999995E-1,2.262763799E-1
4.554019090E-1,-3.999999911E-2,-3.999999911E-2,-2.000000030E-1,2.078460994E-1
4.603692940E-1,-5.400000140E-2,0.000000000E0,-2.269999981E-1,2.333345223E-1
4.653367080E-1,-1.200000010E-2,-2.400000021E-2,-3.599999845E-2,4.489988754E-2
4.703040920E-1,8.200000226E-2,-7.900000364E-2,5.799999833E-2,1.277849786E-1
4.752714770E-1,-5.299999937E-2,5.700000003E-2,-3.599999845E-2,8.575546528E-2
4.802389470E-1,1.400000043E-2,2.000000095E-3,4.399999976E-2,4.621687994E-2
4.852062550E-1,-2.400000021E-2,2.000000095E-3,5.799999833E-2,6.280127241E-2
4.901736400E-1,-6.499999762E-2,5.600000173E-2,-1.860000044E-1,2.048340829E-1
4.951410530E-1,-6.499999762E-2,5.600000173E-2,-5.000000075E-2,9.930256773E-2
5.001084380E-1,-3.700000048E-2,2.000000095E-3,-1.860000044E-1,1.896549543E-1
5.050758380E-1,3.999999911E-2,2.700000070E-2,-1.860000044E-1,1.921587927E-1
5.100432220E-1,-4.100000113E-2,8.100000024E-2,1.809999943E-1,2.024919704E-1
5.150106840E-1,-4.100000113E-2,-2.700000070E-2,-7.699999958E-2,9.131812562E-2
5.199780200E-1,-2.700000070E-2,0.000000000E0,-8.999999613E-3,2.846049948E-2
5.249454040E-1,-3.799999878E-2,6.300000101E-2,3.099999949E-2,7.983733465E-2
5.299128660E-1,2.000000095E-3,8.000000380E-3,-1.180000007E-1,1.182877854E-1
5.348801540E-1,-6.499999762E-2,-4.999999888E-3,1.120000035E-1,1.295916682E-1
5.398475390E-1,-9.999999776E-3,-3.200000152E-2,-1.589999944E-1,1.624961486E-1
5.448150110E-1,-8.600000292E-2,5.799999833E-2,-7.699999958E-2,1.291859135E-1
5.497823950E-1,8.999999613E-3,3.099999949E-2,-8.999999613E-3,3.351119148E-2
5.547497800E-1,-8.500000089E-2,-6.400000304E-2,-1.319999993E-1,1.695435058E-1
5.597171730E-1,2.300000004E-2,-2.300000004E-2,-1.589999944E-1,1.622929395E-1
5.646845580E-1,-7.999999821E-2,3.000000026E-3,7.199999690E-2,1.076707912E-1
5.696519430E-1,1.499999966E-2,-7.699999958E-2,4.399999976E-2,8.994442676E-2
5.746192900E-1,-5.200000107E-2,3.099999949E-2,-3.599999845E-2,7.043436639E-2
5.795866750E-1,2.000000095E-3,-5.000000075E-2,-1.589999944E-1,1.666883268E-1
5.845540600E-1,3.999999911E-2,2.800000086E-2,-3.599999845E-2,6.066300244E-2
5.895214440E-1,-8.200000226E-2,1.400000043E-2,-1.040000021E-1,1.331765776E-1
5.944888290E-1,2.600000054E-2,2.800000086E-2,-1.180000007E-1,1.240322549E-1
5.994562030E-1,-6.800000370E-2,-5.299999937E-2,-7.699999958E-2,1.155941191E-1
6.044235880E-1,-3.799999878E-2,2.600000054E-2,-7.699999958E-2,8.971621855E-2
6.093909730E-1,-2.500000037E-2,-6.899999827E-2,1.700000092E-2,7.533259462E-2
6.143583570E-1,-6.499999762E-2,0.000000000E0,3.000000026E-3,6.506919156E-2
6.193259730E-1,-3.799999878E-2,3.999999911E-2,-6.400000304E-2,8.449852203E-2
6.242933620E-1,-2.300000004E-2,-7.699999958E-2,-1.860000044E-1,2.026178708E-1
6.292605160E-1,-3.700000048E-2,4.999999888E-3,-9.099999815E-2,9.836157633E-2
6.342279010E-1,-2.300000004E-2,7.299999893E-2,-1.049999967E-1,1.299345957E-1
6.391952890E-1,3.000000026E-3,-6.199999899E-2,-6.400000304E-2,8.915716608E-2
6.441626740E-1,-5.999999866E-2,4.000000190E-3,3.099999949E-2,6.765352769E-2
6.491302900E-1,-4.500000179E-2,1.799999923E-2,-2.300000004E-2,5.364699558E-2
6.540976700E-1,-4.500000179E-2,1.799999923E-2,-7.699999958E-2,9.098351537E-2
6.590648240E-1,4.899999872E-2,-8.000000380E-3,-1.729999930E-1,1.799833255E-1
6.640324480E-1,7.000000216E-3,-8.000000380E-3,-1.319999993E-1,1.324273379E-1
6.689998330E-1,-1.899999939E-2,-2.099999972E-2,-2.300000004E-2,3.648287224E-2
6.739672180E-1,7.000000216E-3,1.799999923E-2,-2.300000004E-2,3.003331446E-2
6.789343670E-1,-1.899999939E-2,1.799999923E-2,-9.099999815E-2,9.468896246E-2
6.839019820E-1,4.500000179E-2,1.700000092E-2,-7.699999958E-2,9.079096942E-2
6.888693670E-1,3.099999949E-2,-8.999999613E-3,-7.699999958E-2,8.349251402E-2
6.938367470E-1,-9.099999815E-2,3.000000026E-3,3.000000026E-3,9.109884557E-2
6.988041320E-1,-2.199999988E-2,3.000000026E-3,-1.319999993E-1,1.338543978E-1
7.037715160E-1,-8.000000380E-3,2.800000086E-2,-1.319999993E-1,1.351739615E-1
7.087386500E-1,-4.899999872E-2,1.000000047E-3,-6.400000304E-2,8.061017469E-2
7.137060350E-1,4.500000179E-2,2.800000086E-2,-1.180000007E-1,1.293560991E-1
7.186736500E-1,-3.500000015E-2,-5.299999937E-2,-6.400000304E-2,9.016651448E-2
7.236410300E-1,-8.000000380E-3,-4.899999872E-2,-9.099999815E-2,1.036629131E-1
7.286081840E-1,-2.099999972E-2,-4.899999872E-2,-8.999999613E-3,5.406477463E-2
7.335757990E-1,-2.099999972E-2,4.000000190E-3,-5.000000075E-2,5.437830509E-2
7.385431560E-1,-3.500000015E-2,4.000000190E-3,-1.319999993E-1,1.366199101E-1
7.435106170E-1,-3.200000152E-2,-8.000000380E-3,-7.699999958E-2,8.376753571E-2
7.484779250E-1,-4.600000009E-2,3.200000152E-2,-2.300000004E-2,6.057227177E-2
7.534453430E-1,2.099999972E-2,-8.000000380E-3,-3.700000048E-2,4.328972198E-2
7.584127270E-1,6.199999899E-2,-3.500000015E-2,-1.319999993E-1,1.499766638E-1
7.633802040E-1,7.000000216E-3,6.800000370E-2,-6.400000304E-2,9.364294365E-2
7.683475120E-1,3.400000185E-2,-2.700000070E-2,-9.099999815E-2,1.008265829E-1
7.733149730E-1,6.100000069E-2,-5.400000140E-2,-3.599999845E-2,8.906739091E-2
7.782823530E-1,-3.299999982E-2,-5.400000140E-2,-6.400000304E-2,9.000555832E-2
7.832496600E-1,1.899999939E-2,0.000000000E0,-1.319999993E-1,1.333604131E-1
7.882170450E-1,-7.000000216E-3,-1.300000027E-2,-9.099999815E-2,9.219001938E-2
7.931845260E-1,3.200000152E-2,1.300000027E-2,3.099999949E-2,4.641120633E-2
7.981519100E-1,-1.299999952E-1,-5.400000140E-2,8.500000089E-2,1.644414761E-1
8.031192950E-1,4.999999888E-3,1.200000010E-2,3.099999949E-2,3.361547218E-2
8.080866800E-1,-3.500000015E-2,-2.800000086E-2,-5.000000075E-2,6.714908885E-2
8.130540640E-1,-2.199999988E-2,-1.509999931E-1,-1.319999993E-1,2.017647088E-1
8.180214680E-1,4.999999888E-3,5.299999937E-2,-1.449999958E-1,1.544635838E-1
8.229888520E-1,1.700000092E-2,3.599999845E-2,-3.599999845E-2,5.367494582E-2
8.279562370E-1,2.999999933E-2,-7.199999690E-2,-6.400000304E-2,1.008959856E-1
8.329235740E-1,-8.999999613E-3,-7.199999690E-2,4.000000190E-3,7.267048609E-2
8.378910350E-1,-2.300000004E-2,-3.099999949E-2,1.129999980E-1,1.194110528E-1
8.428584300E-1,-4.699999839E-2,-5.400000140E-2,-5.000000075E-2,8.732124641E-2
8.478258150E-1,1.019999981E-1,3.999999911E-2,-5.000000075E-2,1.204325521E-1
8.527931990E-1,-4.699999839E-2,8.100000024E-2,-7.699999958E-2,1.212394318E-1
8.577605890E-1,-4.699999839E-2,0.000000000E0,-2.409999967E-1,2.455402172E-1
8.627279730E-1,3.200000152E-2,7.500000298E-2,-1.729999930E-1,1.912537532E-1
8.676953580E-1,-4.899999872E-2,3.400000185E-2,8.500000089E-2,1.038364105E-1
8.726627330E-1,-6.300000101E-2,6.100000069E-2,-5.000000075E-2,1.009455313E-1
8.776303480E-1,-2.199999988E-2,1.999999955E-2,-1.180000007E-1,1.216881266E-1
8.825977140E-1,-3.400000185E-2,1.080000028E-1,1.700000092E-2,1.144945447E-1
8.875650980E-1,1.999999955E-2,-5.499999970E-2,-7.699999958E-2,9.671607873E-2
8.925322710E-1,6.000000052E-3,-1.099999994E-1,-8.999999613E-3,1.105305381E-1
8.974998870E-1,-6.000000052E-3,3.900000080E-2,-7.699999958E-2,8.652167358E-2
9.024670400E-1,6.000000052E-3,-3.900000080E-2,-1.180000007E-1,1.244226677E-1
9.074344200E-1,-1.999999955E-2,-5.200000107E-2,-2.000000030E-1,2.076150315E-1
9.124018050E-1,3.299999982E-2,5.600000173E-2,-1.040000021E-1,1.226417573E-1
9.173694200E-1,6.000000052E-3,-6.599999964E-2,1.700000092E-2,6.841783382E-2
9.223365740E-1,8.200000226E-2,-6.100000069E-2,4.000000190E-3,1.022790323E-1
9.273039590E-1,-2.700000070E-2,-3.400000185E-2,-2.300000004E-2,4.913247567E-2
9.322715740E-1,6.700000167E-2,-6.100000069E-2,-1.040000021E-1,1.379347699E-1
9.372389640E-1,-1.300000027E-2,-7.500000298E-2,-7.699999958E-2,1.082728054E-1
9.422063480E-1,-2.500000037E-2,3.099999949E-2,-5.000000075E-2,6.392182774E-2
9.471737330E-1,1.000000047E-3,3.099999949E-2,5.799999833E-2,6.577233290E-2
9.521411410E-1,-3.900000080E-2,-1.319999993E-1,-3.599999845E-2,1.422708676E-1
9.571086030E-1,-1.099999994E-2,-1.180000007E-1,-1.040000021E-1,1.576737157E-1
9.620758960E-1,1.000000047E-3,6.700000167E-2,-8.999999613E-3,6.760917258E-2
9.670432800E-1,-1.200000010E-2,3.900000080E-2,-3.599999845E-2,5.441507102E-2
9.720106650E-1,-3.900000080E-2,-1.400000043E-2,-3.599999845E-2,5.489080035E-2
9.769780160E-1,-2.500000037E-2,6.599999964E-2,4.000000190E-3,7.068946154E-2
9.819454000E-1,3.900000080E-2,-9.000000358E-2,-7.699999958E-2,1.246996417E-1
9.869127850E-1,-1.499999966E-2,-1.169999987E-1,1.700000092E-2,1.191763387E-1
9.918801830E-1,-2.800000086E-2,-8.000000380E-3,-1.180000007E-1,1.215401178E-1
9.968475680E-1,1.099999994E-2,-2.099999972E-2,1.700000092E-2,2.917190460E-2
1.001814967E0,-5.200000107E-2,-9.600000083E-2,-5.000000075E-2,1.200833059E-1
1.006782428E0,-5.200000107E-2,-2.700000070E-2,3.000000026E-3,5.866856185E-2
1.011749736E0,1.499999966E-2,-5.400000140E-2,-8.999999613E-3,5.676266497E-2
1.016717141E0,-1.099999994E-2,0.000000000E0,1.700000092E-2,2.024845747E-2
1.021684602E0,-3.500000015E-2,1.200000010E-2,-2.300000004E-2,4.356604199E-2
1.026651987E0,1.799999923E-2,-6.899999827E-2,-3.599999845E-2,7.988115937E-2
1.031619361E0,-2.099999972E-2,2.500000037E-2,-8.999999613E-3,3.386738844E-2
1.036586746E0,-2.199999988E-2,-5.499999970E-2,-7.699999958E-2,9.714936900E-2
1.041554088E0,-4.600000009E-2,-5.200000107E-2,-8.999999613E-3,7.000714330E-2
1.046521395E0,-3.200000152E-2,-2.400000021E-2,-5.000000075E-2,6.403124379E-2
1.051488857E0,8.000000380E-3,7.000000030E-2,-1.459999979E-1,1.621110712E-1
1.056456218E0,-7.199999690E-2,1.499999966E-2,-8.999999613E-3,7.409453108E-2
1.061423602E0,8.000000380E-3,-2.300000004E-2,-1.180000007E-1,1.204865145E-1
1.066390987E0,-3.200000152E-2,-5.000000075E-2,-2.300000004E-2,6.366317753E-2
1.071358361E0,-1.899999939E-2,1.700000092E-2,-9.099999815E-2,9.450396643E-2
1.076325746E0,2.099999972E-2,-8.999999613E-3,-7.699999958E-2,8.031811699E-2
1.081293380E0,1.999999955E-2,4.100000113E-2,-1.049999967E-1,1.144814369E-1
1.086260534E0,-3.400000185E-2,2.700000070E-2,-8.999999613E-3,4.433960032E-2
1.091227919E0,1.899999939E-2,1.400000043E-2,3.099999949E-2,3.896151893E-2
1.096195563E0,-7.000000216E-3,1.400000043E-2,-2.300000004E-2,2.782085580E-2
1.101162948E0,4.999999888E-3,-2.500000037E-2,-1.319999993E-1,1.344395769E-1
1.106130102E0,4.999999888E-3,2.000000095E-3,1.700000092E-2,1.783255536E-2
1.111097698E0,-2.099999972E-2,2.000000095E-3,4.399999976E-2,4.879549126E-2
1.116064852E0,-2.099999972E-2,-3.799999878E-2,-1.180000007E-1,1.257338461E-1
1.121032237E0,-8.299999684E-2,-3.599999845E-2,-9.099999815E-2,1.283199089E-1
1.125999626E0,-1.499999966E-2,1.799999923E-2,-1.049999967E-1,1.075825231E-1
1.130967242E0,3.900000080E-2,4.500000179E-2,-2.300000004E-2,6.383572844E-2
1.135934400E0,2.500000037E-2,8.600000292E-2,-5.000000075E-2,1.025719289E-1
1.140902015E0,-1.000000047E-3,1.700000092E-2,3.000000026E-3,1.729161738E-2
1.145869400E0,-2.800000086E-2,7.100000232E-2,-8.999999613E-3,7.685050664E-2
1.150836770E0,-1.000000047E-3,5.799999833E-2,-9.099999815E-2,1.079166320E-1
1.155804155E0,2.600000054E-2,-2.300000004E-2,-6.400000304E-2,7.280796947E-2
1.160771530E0,-1.300000027E-2,4.100000113E-2,3.099999949E-2,5.301886521E-2
1.165738914E0,-2.700000070E-2,-6.700000167E-2,1.700000092E-2,7.420916583E-2
1.170706299E0,-2.700000070E-2,6.800000370E-2,-1.729999930E-1,1.878350290E-1
1.175673674E0,3.999999911E-2,5.400000140E-2,-7.699999958E-2,1.022007829E-1
1.180641059E0,0.000000000E0,7.599999756E-2,-5.000000075E-2,9.097252169E-2
1.185608444E0,-5.400000140E-2,-3.200000152E-2,3.000000026E-3,6.284107135E-2
1.190575832E0,0.000000000E0,3.500000015E-2,-8.999999613E-3,3.613862205E-2
1.195543217E0,-3.999999911E-2,2.099999972E-2,-7.699999958E-2,8.927485566E-2
1.200510678E0,3.799999878E-2,-9.399999678E-2,-9.099999815E-2,1.362387572E-1
1.205477986E0,-4.399999976E-2,-9.300000221E-2,3.099999949E-2,1.074523167E-1
1.210445371E0,9.999999776E-3,1.499999966E-2,-5.000000075E-2,5.315072963E-2
1.215412847E0,-5.700000003E-2,2.800000086E-2,-8.999999613E-3,6.414047119E-2
1.220380232E0,4.699999839E-2,-3.599999845E-2,-1.049999967E-1,1.205404457E-1
1.225347540E0,-4.699999839E-2,3.099999949E-2,-1.049999967E-1,1.191427678E-1
1.230314972E0,-6.000000052E-3,4.000000190E-3,-5.000000075E-2,5.051732452E-2
1.235282357E0,-1.999999955E-2,4.500000179E-2,-5.000000075E-2,7.017834579E-2
1.240249722E0,-4.399999976E-2,4.000000190E-3,1.700000092E-2,4.733920164E-2
1.245217030E0,9.999999776E-3,-2.199999988E-2,1.700000092E-2,2.954657377E-2
1.250184492E0,-4.399999976E-2,3.099999949E-2,-9.099999815E-2,1.057260593E-1
1.255151890E0,-2.999999933E-2,5.799999833E-2,-7.699999958E-2,1.009603868E-1
1.260119275E0,-2.800000086E-2,-9.700000286E-2,-1.319999993E-1,1.661836346E-1
1.265086660E0,1.200000010E-2,3.799999878E-2,-5.000000075E-2,6.393746933E-2
1.270054044E0,-5.499999970E-2,-5.600000173E-2,-9.999999776E-3,7.912648202E-2
1.275021429E0,6.599999964E-2,-2.899999917E-2,-5.000000075E-2,8.773254800E-2
1.279988828E0,-2.600000054E-2,3.599999845E-2,-3.700000048E-2,5.780138365E-2
1.284956213E0,4.100000113E-2,3.599999845E-2,-9.099999815E-2,1.061037212E-1
1.289923829E0,-2.600000054E-2,-4.000000190E-3,-7.800000161E-2,8.231646421E-2
1.294890962E0,-1.200000010E-2,2.199999988E-2,1.120000035E-1,1.147693372E-1
1.299858347E0,0.000000000E0,-7.999999821E-2,4.399999976E-2,9.130169600E-2
1.304825732E0,4.100000113E-2,-3.900000080E-2,-2.549999952E-1,2.612029818E-1
1.309793352E0,-2.600000054E-2,1.499999966E-2,-7.800000161E-2,8.357631404E-2
1.314760737E0,1.400000043E-2,-6.599999964E-2,-2.300000004E-2,7.128113332E-2
1.319728121E0,-2.400000021E-2,-6.199999899E-2,-5.099999905E-2,8.379140640E-2
1.324695491E0,1.600000076E-2,-1.999999955E-2,-5.099999905E-2,5.707013150E-2
1.329662645E0,-5.099999905E-2,6.000000052E-3,7.100000232E-2,8.762419890E-2
1.334630275E0,5.700000003E-2,4.699999839E-2,-1.049999967E-1,1.283861331E-1
1.339597660E0,-3.500000015E-2,-6.000000052E-3,-6.400000304E-2,7.319153230E-2
1.344565044E0,-1.030000001E-1,6.100000069E-2,-1.049999967E-1,1.592325325E-1
1.349532414E0,1.899999939E-2,4.699999839E-2,-1.459999979E-1,1.545509599E-1
1.354499799E0,-4.899999872E-2,3.400000185E-2,-1.319999993E-1,1.448481957E-1
1.359467188E0,-3.299999982E-2,3.099999949E-2,4.399999976E-2,6.313477596E-2
1.364434573E0,7.599999756E-2,4.500000179E-2,-9.999999776E-3,8.888756823E-2
1.369401958E0,-7.299999893E-2,4.000000190E-3,-1.319999993E-1,1.508940014E-1
1.374369342E0,-3.200000152E-2,3.099999949E-2,-1.459999979E-1,1.526466490E-1
1.379336804E0,-4.300000146E-2,6.700000167E-2,-9.999999776E-3,8.023715065E-2
1.384304188E0,5.200000107E-2,6.700000167E-2,-5.099999905E-2,9.896464135E-2
1.389271506E0,2.500000037E-2,-9.600000083E-2,-9.200000018E-2,1.352959726E-1
1.394238968E0,-1.499999966E-2,3.999999911E-2,-9.999999776E-3,4.387482096E-2
1.399206275E0,4.800000042E-2,-6.400000304E-2,-5.099999905E-2,9.487360187E-2
1.404173752E0,3.400000185E-2,3.099999949E-2,-3.700000048E-2,5.904235877E-2
1.409141136E0,7.000000216E-3,4.000000190E-3,-2.300000004E-2,2.437211535E-2
1.414108516E0,-3.299999982E-2,4.000000190E-3,-9.999999776E-3,3.471310970E-2
1.419075824E0,6.000000052E-3,4.199999943E-2,-6.400000304E-2,7.678541751E-2
1.424043285E0,-6.100000069E-2,4.100000113E-2,3.000000026E-3,7.355950093E-2
1.429010670E0,1.150000021E-1,1.400000043E-2,-5.099999905E-2,1.265780407E-1
1.433978285E0,-6.100000069E-2,5.499999970E-2,-1.190000027E-1,1.445925334E-1
1.438945439E0,-1.899999939E-2,-6.199999899E-2,-7.800000161E-2,1.014347086E-1
1.443912824E0,2.099999972E-2,1.899999939E-2,-1.599999964E-1,1.624869189E-1
1.448880209E0,-1.899999939E-2,7.299999893E-2,-9.200000018E-2,1.189705840E-1
1.453847852E0,3.500000015E-2,3.200000152E-2,3.000000026E-3,4.751841862E-2
1.458815006E0,-4.999999888E-3,6.800000370E-2,-1.049999967E-1,1.251958458E-1
1.463782390E0,3.500000015E-2,-2.700000070E-2,-1.049999967E-1,1.139254114E-1
1.468749775E0,2.199999988E-2,-2.700000070E-2,-1.599999964E-1,1.637467523E-1
1.473717160E0,2.199999988E-2,-6.800000370E-2,-3.700000048E-2,8.047981444E-2
1.478684544E0,7.000000216E-3,3.799999878E-2,-7.800000161E-2,8.704596580E-2
1.483652164E0,3.400000185E-2,-2.999999933E-2,-2.300000004E-2,5.084289614E-2
1.488619318E0,-3.299999982E-2,-7.100000232E-2,-1.319999993E-1,1.534731251E-1
1.493586698E0,-5.999999866E-2,-5.700000003E-2,-1.319999993E-1,1.557979450E-1
1.498554314E0,6.000000052E-3,-1.499999966E-2,1.700000092E-2,2.345207927E-2
1.503521698E0,-4.699999839E-2,3.799999878E-2,-7.800000161E-2,9.867623831E-2
1.508489074E0,-3.299999982E-2,7.900000364E-2,-7.800000161E-2,1.158188275E-1
1.513456458E0,-4.699999839E-2,2.500000037E-2,-1.190000027E-1,1.303648746E-1
1.518423843E0,-5.700000003E-2,2.300000004E-2,-7.800000161E-2,9.930760422E-2
1.523391209E0,2.400000021E-2,2.300000004E-2,-1.049999967E-1,1.101362761E-1
1.528358593E0,5.200000107E-2,-3.099999949E-2,-3.700000048E-2,7.095068791E-2
1.533325987E0,9.300000221E-2,2.300000004E-2,5.700000003E-2,1.114764568E-1
1.538293372E0,9.999999776E-3,-4.100000113E-2,5.700000003E-2,7.092249355E-2
1.543260756E0,2.400000021E-2,1.300000027E-2,-2.300000004E-2,3.569313686E-2
1.548228122E0,2.400000021E-2,-6.800000370E-2,-2.300000004E-2,7.569016128E-2
1.553195583E0,6.499999762E-2,-1.400000043E-2,-5.099999905E-2,8.379737230E-2
1.558162968E0,-2.000000095E-3,-1.300000027E-2,-1.319999993E-1,1.326536838E-1
1.563130257E0,2.400000021E-2,4.100000113E-2,-1.049999967E-1,1.152475571E-1
1.568097641E0,-4.300000146E-2,-2.700000070E-2,-1.319999993E-1,1.414284270E-1
1.573065108E0,5.099999905E-2,1.300000027E-2,-7.800000161E-2,9.409569682E-2
1.578032416E0,-3.999999911E-2,6.300000101E-2,-7.800000161E-2,1.079490635E-1
1.582999800E0,-1.300000027E-2,-8.600000292E-2,-6.400000304E-2,1.079861144E-1
1.587967247E0,2.700000070E-2,-4.500000179E-2,7.100000232E-2,8.828930019E-2
1.592934631E0,1.300000027E-2,1.040000021E-1,-9.099999815E-2,1.388020177E-1
1.597901939E0,-2.500000037E-2,-1.700000092E-2,4.399999976E-2,5.338539153E-2
1.602869319E0,-6.499999762E-2,5.099999905E-2,-7.800000161E-2,1.136221802E-1
1.607836780E0,-2.400000021E-2,9.999999776E-3,-1.190000027E-1,1.218072274E-1
1.612804170E0,2.899999917E-2,-3.000000026E-3,-9.200000018E-2,9.650906685E-2
1.617771555E0,5.200000107E-2,-3.000000026E-3,-9.099999815E-2,1.048522760E-1
1.622738939E0,-1.499999966E-2,-3.000000026E-3,-7.800000161E-2,7.948584931E-2
1.627706324E0,-5.600000173E-2,-3.000000026E-3,4.399999976E-2,7.128113476E-2
1.632673708E0,6.599999964E-2,-4.399999976E-2,-6.400000304E-2,1.019215400E-1
1.637641093E0,2.300000004E-2,2.199999988E-2,-7.800000161E-2,8.424369560E-2
1.642608444E0,8.999999613E-3,-4.500000179E-2,-1.049999967E-1,1.145905732E-1
1.647575828E0,-5.799999833E-2,2.199999988E-2,-6.400000304E-2,8.912912089E-2
1.652543209E0,-3.099999949E-2,6.300000101E-2,-1.049999967E-1,1.263131007E-1
1.657510824E0,-4.199999943E-2,1.999999955E-2,-6.400000304E-2,7.912016382E-2
1.662478209E0,5.299999937E-2,-6.100000069E-2,-5.099999905E-2,9.555626573E-2
1.667445598E0,-1.000000047E-3,4.699999839E-2,-2.300000004E-2,5.233545501E-2
1.672412751E0,5.299999937E-2,3.400000185E-2,3.000000026E-3,6.303967052E-2
1.677380367E0,-2.600000054E-2,-8.200000226E-2,-9.999999776E-3,8.660254266E-2
1.682347541E0,2.800000086E-2,6.700000167E-2,-5.099999905E-2,8.873556319E-2
1.687315156E0,-3.900000080E-2,1.300000027E-2,-1.459999979E-1,1.516772872E-1
1.692282517E0,1.400000043E-2,6.700000167E-2,-2.300000004E-2,7.220803444E-2
1.697249901E0,2.600000054E-2,6.300000101E-2,-1.599999964E-1,1.739108939E-1
1.702217055E0,9.399999678E-2,6.199999899E-2,-6.400000304E-2,1.295221976E-1
1.707184656E0,-5.499999970E-2,-7.299999893E-2,-3.700000048E-2,9.860527291E-2
1.712152040E0,2.600000054E-2,8.000000380E-3,-9.999999776E-3,2.898275400E-2
1.717119502E0,-1.300000027E-2,4.500000179E-2,1.700000092E-2,4.982971201E-2
1.722086823E0,4.100000113E-2,3.099999949E-2,4.399999976E-2,6.766091960E-2
1.727054208E0,6.800000370E-2,-3.599999845E-2,-5.099999905E-2,9.230926440E-2
1.732021584E0,-1.300000027E-2,-1.449999958E-1,-1.589999944E-1,2.155806045E-1
1.736989045E0,2.500000037E-2,-9.700000286E-2,-2.280000001E-1,2.490341355E-1
1.741956353E0,-2.899999917E-2,-8.299999684E-2,-9.200000018E-2,1.272556461E-1
1.746923738E0,9.300000221E-2,-8.299999684E-2,-7.800000161E-2,1.470442115E-1
1.751891122E0,-4.199999943E-2,2.500000037E-2,-9.999999776E-3,4.988987840E-2
1.756858507E0,-2.700000070E-2,2.400000021E-2,1.389999986E-1,1.436175465E-1
1.761825910E0,-1.300000027E-2,-7.100000232E-2,1.600000076E-2,7.393240400E-2
1.766793372E0,1.300000027E-2,2.300000004E-2,-2.300000004E-2,3.502855993E-2
1.771760723E0,5.400000140E-2,9.099999815E-2,-6.400000304E-2,1.236648705E-1
1.776728107E0,3.799999878E-2,3.400000185E-2,-7.800000161E-2,9.318798358E-2
1.781695569E0,3.700000048E-2,1.999999955E-2,-1.589999944E-1,1.644688367E-1
1.786662939E0,2.400000021E-2,3.400000185E-2,-1.049999967E-1,1.129468877E-1
1.791630323E0,2.400000021E-2,7.500000298E-2,4.399999976E-2,9.020532377E-2
1.796597708E0,2.199999988E-2,-4.999999888E-3,4.399999976E-2,4.944694098E-2
1.801565097E0,2.199999988E-2,7.000000216E-3,5.700000003E-2,6.149796746E-2
1.806532482E0,-4.000000190E-3,8.900000155E-2,-9.999999776E-3,8.964931831E-2
1.811499882E0,4.899999872E-2,3.500000015E-2,-1.049999967E-1,1.210413119E-1
1.816467266E0,-4.199999943E-2,7.000000216E-3,-2.000000030E-1,2.044822759E-1
1.821434882E0,5.299999937E-2,4.699999839E-2,1.700000092E-2,7.284915795E-2
1.826402031E0,-4.199999943E-2,-1.289999932E-1,-6.400000304E-2,1.500033286E-1
1.831369415E0,1.200000010E-2,-3.299999982E-2,-1.729999930E-1,1.765276113E-1
1.836337031E0,1.099999994E-2,-6.000000052E-3,-7.800000161E-2,7.900000158E-2
1.841304410E0,5.200000107E-2,-3.299999982E-2,3.000000026E-3,6.166036085E-2
1.846271564E0,-1.000000047E-3,-6.000000052E-3,-9.999999776E-3,1.170469975E-2
1.851238963E0,6.599999964E-2,-6.000000052E-3,3.000000026E-3,6.634003281E-2
1.856206578E0,3.599999845E-2,-3.099999949E-2,-2.300000004E-2,5.278257155E-2
1.861173732E0,-3.200000152E-2,2.300000004E-2,-2.300000004E-2,4.562893930E-2
1.866141137E0,8.000000380E-3,-2.999999933E-2,-1.459999979E-1,1.492648630E-1
1.871108752E0,8.000000380E-3,-4.399999976E-2,-1.599999964E-1,1.661324738E-1
1.876076137E0,3.299999982E-2,-1.049999967E-1,-6.400000304E-2,1.273184970E-1
1.881043506E0,-2.099999972E-2,3.099999949E-2,-2.300000004E-2,4.394314462E-2
1.886010891E0,1.899999939E-2,-8.999999613E-3,1.250000000E-1,1.267556704E-1
1.890978261E0,1.899999939E-2,7.199999690E-2,-3.700000048E-2,8.315046341E-2
1.895945646E0,-1.899999939E-2,-7.199999690E-2,-5.099999905E-2,9.025519062E-2
1.900913031E0,2.099999972E-2,3.700000048E-2,2.999999933E-2,5.205766018E-2
1.905880434E0,2.099999972E-2,-1.600000076E-2,-5.099999905E-2,5.742821532E-2
1.910847819E0,3.400000185E-2,5.099999905E-2,-1.729999930E-1,1.835374556E-1
1.915815204E0,-1.799999923E-2,-4.100000113E-2,-6.499999762E-2,7.893034749E-2
1.920782588E0,-4.000000190E-3,2.700000070E-2,-1.330000013E-1,1.357718689E-1
1.925749973E0,-4.000000190E-3,0.000000000E0,5.700000003E-2,5.714017855E-2
1.930717434E0,-4.000000190E-3,6.800000370E-2,-6.499999762E-2,9.415412999E-2
1.935684742E0,-2.899999917E-2,-7.599999756E-2,-2.400000021E-2,8.481155340E-2
1.940652204E0,-7.000000030E-2,-7.000000216E-3,-7.800000161E-2,1.050380897E-1
1.945619602E0,2.400000021E-2,1.899999939E-2,-9.200000018E-2,9.695875422E-2
1.950586987E0,5.099999905E-2,4.999999888E-3,-6.499999762E-2,8.277076532E-2
1.955554295E0,3.500000015E-2,6.800000370E-2,-3.700000048E-2,8.495881678E-2
1.960521761E0,8.000000380E-3,4.100000113E-2,-7.800000161E-2,8.848163849E-2
1.965489069E0,-1.140000001E-1,-3.999999911E-2,-7.800000161E-2,1.438054248E-1
1.970456440E0,6.199999899E-2,4.100000113E-2,-2.400000021E-2,7.810889819E-2
1.975423901E0,5.799999833E-2,1.200000010E-2,-2.400000021E-2,6.390617982E-2
1.980391286E0,2.999999933E-2,6.700000167E-2,1.600000076E-2,7.513321641E-2
1.985358578E0,7.100000232E-2,2.600000054E-2,-2.400000021E-2,7.932843354E-2
1.990326040E0,-7.800000161E-2,1.200000010E-2,-1.459999979E-1,1.659638504E-1
1.995293425E0,2.000000095E-3,4.899999872E-2,-2.140000015E-1,2.195472627E-1
2.000261059E0,1.600000076E-2,8.000000380E-3,-1.190000027E-1,1.203370296E-1
2.005228213E0,5.700000003E-2,3.500000015E-2,-9.200000018E-2,1.137453298E-1
2.010195593E0,1.600000076E-2,-4.500000179E-2,-9.999999776E-3,4.879549345E-2
2.015162978E0,-6.100000069E-2,1.999999955E-2,-5.099999905E-2,8.198780378E-2
2.020130593E0,8.900000155E-2,-4.699999839E-2,4.399999976E-2,1.098453463E-1
2.025097732E0,-7.400000095E-2,-4.699999839E-2,-1.459999979E-1,1.702967979E-1
2.030065117E0,6.199999899E-2,-6.000000052E-3,-6.400000304E-2,8.930845573E-2
2.035032502E0,1.899999939E-2,4.399999976E-2,-1.190000027E-1,1.282887392E-1
2.039999880E0,-3.400000185E-2,-9.999999776E-3,-7.800000161E-2,8.567380213E-2
2.044967496E0,8.699999750E-2,-2.400000021E-2,-2.300000004E-2,9.313430934E-2
2.049934885E0,6.000000052E-3,-2.400000021E-2,-6.400000304E-2,6.861487011E-2
2.054902039E0,-7.000000216E-3,-3.500000015E-2,-5.099999905E-2,6.224949732E-2
2.059869424E0,-1.999999955E-2,-7.000000216E-3,-6.400000304E-2,6.741661794E-2
2.064837025E0,-7.000000216E-3,-1.030000001E-1,-7.800000161E-2,1.293908817E-1
2.069804410E0,3.299999982E-2,4.999999888E-3,-2.300000004E-2,4.053393627E-2
2.074771794E0,-4.399999976E-2,-1.999999955E-2,3.000000026E-3,4.842519965E-2
2.079739159E0,-1.700000092E-2,-3.299999982E-2,-3.700000048E-2,5.241183125E-2
2.084706544E0,-4.399999976E-2,4.800000042E-2,-1.729999930E-1,1.848485802E-1
2.089673924E0,2.300000004E-2,-3.299999982E-2,-9.200000018E-2,1.004091630E-1
2.094641309E0,7.199999690E-2,6.000000052E-3,-1.319999993E-1,1.504792323E-1
2.099608694E0,-8.999999613E-3,-3.400000185E-2,-7.800000161E-2,8.556284456E-2
2.104576102E0,4.000000190E-3,8.799999952E-2,-2.300000004E-2,9.104394499E-2
2.109543487E0,4.000000190E-3,-7.500000298E-2,-1.049999967E-1,1.290968619E-1
2.114510871E0,4.199999943E-2,1.799999923E-2,1.600000076E-2,4.841487322E-2
2.119478342E0,5.499999970E-2,-2.199999988E-2,3.000000026E-3,5.931273019E-2
2.124445727E0,-1.200000010E-2,-8.000000380E-3,2.999999933E-2,3.328663348E-2
2.129413044E0,-2.600000054E-2,-6.300000101E-2,7.100000232E-2,9.841748059E-2
2.134380429E0,-1.200000010E-2,-8.399999887E-2,1.600000076E-2,8.634813163E-2
2.139347890E0,1.000000047E-3,-2.000000095E-3,3.000000026E-3,3.741657471E-3
2.144315256E0,4.199999943E-2,1.099999994E-2,-5.099999905E-2,6.697760711E-2
2.149282564E0,-5.200000107E-2,-2.899999917E-2,-7.800000161E-2,9.812746972E-2
2.154250039E0,-1.099999994E-2,-1.400000043E-2,-7.800000161E-2,8.000625139E-2
2.159217424E0,7.000000030E-2,3.900000080E-2,1.600000076E-2,8.171291286E-2
2.164184809E0,-6.499999762E-2,3.900000080E-2,-9.999999776E-3,7.645913777E-2
2.169152183E0,1.499999966E-2,-4.100000113E-2,-9.999999776E-3,4.478839223E-2
2.174119568E0,-2.639999986E-1,-1.000000047E-3,-2.010000050E-1,3.318101886E-1
2.179086952E0,-7.199999690E-2,-1.000000047E-3,-9.200000018E-2,1.168289330E-1
2.184054332E0,1.049999967E-1,1.200000010E-2,-1.059999987E-1,1.496829952E-1
2.189021717E0,2.409999967E-1,-5.499999970E-2,1.600000076E-2,2.477135410E-1
2.193989332E0,2.249999940E-1,-1.019999981E-1,2.999999933E-2,2.488553734E-1
2.198956486E0,1.819999963E-1,3.400000185E-2,7.100000232E-2,1.982952322E-1
2.203923871E0,2.099999934E-1,-6.000000052E-3,-2.140000015E-1,2.998866418E-1
2.208891491E0,4.600000009E-2,1.289999932E-1,-2.280000001E-1,2.659717998E-1
2.213858876E0,-1.469999999E-1,1.199999973E-1,-1.459999979E-1,2.394263952E-1
2.218826260E0,-7.800000161E-2,-1.600000076E-2,2.999999933E-2,8.508819093E-2
2.223793679E0,7.100000232E-2,5.099999905E-2,5.700000003E-2,1.043599551E-1
2.228761064E0,7.100000232E-2,2.400000021E-2,-1.459999979E-1,1.641127652E-1
2.233728438E0,-3.400000185E-2,2.199999988E-2,8.399999887E-2,9.325234544E-2
2.238695823E0,-2.109999955E-1,-1.000000015E-1,-1.049999967E-1,2.560195260E-1
2.243663207E0,-4.289999902E-1,-8.600000292E-2,2.000000095E-3,4.375397035E-1
2.248630372E0,-5.239999890E-1,-4.500000179E-2,-9.999999776E-3,5.260237529E-1
2.253597757E0,-2.989999950E-1,-7.999999821E-2,-1.330000013E-1,3.368827646E-1
2.258565372E0,-9.200000018E-2,-5.200000107E-2,-1.599999964E-1,1.917498344E-1
2.263532747E0,4.300000146E-2,1.000000047E-3,-6.499999762E-2,7.794228516E-2
2.268500132E0,1.930000037E-1,4.199999943E-2,1.600000076E-2,1.981640770E-1
2.273467526E0,3.829999864E-1,9.099999815E-2,-2.400000021E-2,3.943931912E-1
2.278434911E0,4.889999926E-1,2.399999946E-1,-1.049999967E-1,5.547485822E-1
2.283402372E0,4.210000038E-1,1.720000058E-1,2.999999933E-2,4.557685873E-1
2.288369684E0,2.169999927E-1,9.000000358E-2,-9.200000018E-2,2.522954568E-1
2.293337146E0,1.509999931E-1,1.089999974E-1,-1.729999930E-1,2.541869291E-1
2.298304530E0,-3.999999911E-2,6.800000370E-2,-9.999999776E-3,7.952358409E-2
2.303271829E0,-3.999999911E-2,6.800000370E-2,3.000000026E-3,7.894935358E-2
2.308239214E0,-1.759999990E-1,2.700000070E-2,5.700000003E-2,1.869598880E-1
2.313206651E0,-8.799999952E-2,5.000000075E-2,-1.049999967E-1,1.458389499E-1
2.318174036E0,3.339999914E-1,6.079999804E-1,-7.800000161E-2,6.980716086E-1
2.323141343E0,5.929999948E-1,8.399999738E-1,-3.700000048E-2,1.028891612E0
2.328108800E0,5.789999962E-1,9.620000124E-1,3.000000026E-3,1.122806314E0
2.333076185E0,5.910000205E-1,9.499999881E-1,-8.900000155E-2,1.122364469E0
2.338043569E0,5.049999952E-1,1.037999988E0,-7.500000298E-2,1.156760118E0
2.343010944E0,3.819999993E-1,9.559999704E-1,1.420000046E-1,1.039242005E0
2.347978328E0,3.280000091E-1,9.419999719E-1,-3.070000112E-1,1.043645994E0
2.352945713E0,1.800000072E-1,7.310000062E-1,5.789999962E-1,9.497378624E-1
2.357913098E0,1.790000051E-1,9.029999971E-1,-7.400000095E-1,1.181122352E0
2.362880482E0,2.000000095E-3,8.619999886E-1,-4.600000009E-2,8.632288111E-1
2.367847867E0,1.499999966E-2,8.349999785E-1,1.169999987E-1,8.432905572E-1
2.372815252E0,-8.600000292E-2,7.540000081E-1,-1.700000092E-2,7.590790557E-1
2.377782636E0,-1.669999957E-1,8.299999833E-1,-5.199999809E-1,9.935738277E-1
2.382750247E0,-1.260000020E-1,8.159999847E-1,4.180000126E-1,9.254490727E-1
2.387717631E0,-1.700000092E-2,9.789999723E-1,-3.429999948E-1,1.037486840E0
2.392684790E0,-1.059999987E-1,8.140000105E-1,7.999999821E-2,8.247617938E-1
2.397652406E0,3.000000026E-3,9.710000157E-1,7.999999821E-2,9.742946322E-1
2.402619790E0,1.529999971E-1,9.710000157E-1,-5.860000253E-1,1.144397684E0
2.407587175E0,1.800000072E-1,1.026000023E0,-1.400000043E-2,1.041763913E0
2.412554329E0,2.569999993E-1,9.950000048E-1,-2.010000050E-1,1.047127027E0
2.417521944E0,2.829999924E-1,1.014999986E0,1.700000092E-2,1.053851492E0
2.422489286E0,2.829999924E-1,7.289999723E-1,6.299999952E-1,1.004206129E0
2.427456670E0,2.549999952E-1,1.014000058E0,-9.079999924E-1,1.384805077E0
2.432423805E0,1.490000039E-1,4.620000124E-1,-2.660000026E-1,5.535350161E-1
2.437391421E0,9.300000221E-2,5.950000286E-1,7.409999967E-1,9.548586437E-1
2.442358805E0,5.299999937E-2,6.349999905E-1,-3.750000000E-1,7.393639076E-1
2.447326204E0,-2.319999933E-1,6.759999990E-1,-1.700000018E-1,7.346427678E-1
2.452293588E0,-2.680000067E-1,7.200000286E-1,-5.900000036E-2,7.705225790E-1
2.457260973E0,-3.880000114E-1,4.699999988E-1,-6.439999938E-1,8.866679197E-1
2.462228358E0,-4.699999988E-1,3.459999859E-1,1.547999978E0,1.654363902E0
2.467195742E0,-5.649999976E-1,5.099999905E-1,-4.129999876E-1,8.659641894E-1
2.472163127E0,-6.060000062E-1,2.230000049E-1,1.901999950E0,2.008623614E0
2.477130588E0,-5.379999876E-1,4.550000131E-1,-6.579999924E-1,9.640710495E-1
2.482097896E0,-5.920000076E-1,4.280000031E-1,-2.489999980E-1,7.717830075E-1
2.487065276E0,-6.200000048E-1,3.729999959E-1,-5.899999738E-1,9.336107176E-1
2.492032737E0,-5.789999962E-1,4.760000110E-1,3.700000048E-2,7.504571980E-1
2.497000122E0,-4.930000007E-1,2.960000038E-1,2.829999924E-1,6.409009273E-1
2.501967512E0,-5.199999809E-1,2.949999869E-1,8.960000277E-1,1.077144847E0
2.506934896E0,-4.110000134E-1,4.460000098E-1,-7.649999857E-1,9.762489425E-1
2.511902204E0,-5.149999857E-1,1.679999977E-1,1.330999970E0,1.437014233E0
2.516869589E0,-4.029999971E-1,1.679999977E-1,-9.559999704E-1,1.050984748E0
2.521837074E0,-1.979999989E-1,1.949999928E-1,1.059000015E0,1.094856168E0
2.526804459E0,-2.669999897E-1,1.949999928E-1,1.944000006E0,1.971915316E0
2.531771766E0,-2.249999940E-1,2.230000049E-1,3.790000081E-1,4.939585060E-1
2.536739151E0,-1.959999949E-1,5.619999766E-1,-1.023000002E0,1.183549313E0
2.541706613E0,-8.699999750E-2,6.159999967E-1,6.499999762E-2,6.254997963E-1
2.546674228E0,-6.100000069E-2,6.710000038E-1,9.300000221E-2,6.801551335E-1
2.551641382E0,-5.600000173E-2,7.039999962E-1,1.621000051E0,1.768160955E0
2.556608767E0,-2.000000095E-3,8.230000138E-1,-2.028000116E0,2.188633705E0
2.561576151E0,3.799999878E-2,6.729999781E-1,1.307999969E0,1.471474393E0
2.566543767E0,7.800000161E-2,6.740000248E-1,2.450000048E-1,7.213771801E-1
2.571510920E0,1.589999944E-1,9.330000281E-1,2.319999933E-1,9.744711631E-1
2.576478507E0,1.299999952E-1,3.199999928E-1,3.409999907E-1,4.853668590E-1
2.581445891E0,4.169999957E-1,6.060000062E-1,-5.569999814E-1,9.226992919E-1
2.586413045E0,1.739999950E-1,3.470000029E-1,1.075999975E0,1.143879778E0
2.591380430E0,2.409999967E-1,1.700000018E-1,-4.210000038E-1,5.140252934E-1
2.596348045E0,2.560000122E-1,-3.470000029E-1,1.402999997E0,1.467771781E0
2.601315439E0,2.280000001E-1,-2.919999957E-1,-7.480000257E-1,8.347167400E-1
2.606282824E0,2.150000036E-1,-3.059999943E-1,6.809999943E-1,7.769311361E-1
2.611250199E0,2.560000122E-1,-3.059999943E-1,-1.429000020E0,1.483648563E0
2.616217584E0,2.419999987E-1,-7.279999852E-1,-1.320000052E0,1.526744286E0
2.621184968E0,2.010000050E-1,-6.869999766E-1,1.743000031E0,1.884255576E0
2.626152386E0,1.190000027E-1,-8.769999743E-1,-5.400000140E-2,8.866825563E-1
2.631119771E0,1.879999936E-1,-8.230000138E-1,-9.120000005E-1,1.242745759E0
2.636087155E0,-5.700000003E-2,-6.190000176E-1,1.500000060E-1,6.394607288E-1
2.641054531E0,-1.110000014E-1,-4.550000131E-1,9.259999990E-1,1.037700347E0
2.646021916E0,-1.239999980E-1,-4.959999919E-1,-5.400000140E-2,5.141089297E-1
2.650989300E0,-2.199999988E-1,-3.190000057E-1,-2.310000062E-1,4.511341330E-1
2.655956670E0,-8.299999684E-2,-2.779999971E-1,5.040000081E-1,5.815402016E-1
2.660924054E0,-1.239999980E-1,-3.190000057E-1,-9.520000219E-1,1.011652631E0
2.665891439E0,-2.000000095E-3,-1.819999963E-1,3.540000021E-1,3.980502483E-1
2.670858901E0,-1.600000076E-2,-4.000000060E-1,5.860000253E-1,7.096844612E-1
2.675826208E0,1.599999964E-1,-1.819999963E-1,2.179999948E-1,3.259570451E-1
2.680793680E0,2.140000015E-1,-7.299999893E-2,4.100000113E-2,2.297955626E-1
2.685761065E0,5.400000215E-1,2.099999972E-2,1.090000033E0,1.216610495E0
2.690728459E0,3.790000081E-1,-1.700000018E-1,1.899999976E-1,4.567723786E-1
2.695695767E0,5.400000215E-1,-3.729999959E-1,-1.756999969E0,1.875574022E0
2.700663228E0,6.219999790E-1,8.000000380E-3,4.490000010E-1,7.671694564E-1
2.705630617E0,6.639999747E-1,-3.449999988E-1,3.670000136E-1,8.334326461E-1
2.710598002E0,7.480000257E-1,-6.169999838E-1,-5.580000281E-1,1.118730106E0
2.715565309E0,8.289999962E-1,-9.169999957E-1,1.047999978E0,1.620627638E0
2.720532766E0,9.929999709E-1,-7.940000296E-1,-1.361999989E0,1.863203950E0
2.725500151E0,9.520000219E-1,-1.585000038E0,3.400000036E-1,1.879927968E0
2.730467535E0,8.569999933E-1,-1.761999965E0,9.800000191E-1,2.190774498E0
2.735434920E0,8.289999962E-1,-1.733999968E0,-7.220000029E-1,2.053114923E0
2.740402304E0,5.569999814E-1,-1.911999941E0,4.490000010E-1,2.041468529E0
2.745369699E0,4.760000110E-1,-2.075000048E0,0.000000000E0,2.128896712E0
2.750337084E0,5.400000140E-2,-2.115999937E0,4.210000038E-1,2.158150305E0
2.755304468E0,-1.899999976E-1,-1.858000040E0,1.350000054E-1,1.872562188E0
2.760272089E0,-6.389999986E-1,-2.117000103E0,9.250000119E-1,2.397005519E0
2.765239243E0,-7.490000129E-1,-2.171000004E0,-1.335000038E0,2.656401163E0
2.770206627E0,-1.169000030E0,-2.131000042E0,6.529999971E-1,2.516770002E0
2.775174262E0,-1.238999963E0,-1.748999953E0,-2.450000048E-1,2.157347155E0
2.780141646E0,-1.238999963E0,-1.516999960E0,9.660000205E-1,2.183933567E0
2.785109031E0,-1.003999949E0,-1.164000034E0,-1.552000046E0,2.184402920E0
2.790076415E0,-1.167000055E0,-1.299999952E0,2.654999971E0,3.178193489E0
2.795043569E0,-1.031000018E0,-1.203999996E0,-6.129999757E-1,1.699513459E0
2.800010959E0,-6.639999747E-1,-7.139999866E-1,-2.302000046E0,2.499979232E0
2.804978574E0,-5.820000172E-1,-6.050000191E-1,3.939999938E-1,9.273537826E-1
2.809945959E0,-2.280000001E-1,-9.039999843E-1,-7.080000043E-1,1.170668176E0
2.814913103E0,2.999999933E-2,-1.271999955E0,1.062000036E0,1.657325545E0
2.819880487E0,2.469999939E-1,-1.162999988E0,-1.348000050E0,1.797409831E0
2.824848103E0,4.779999852E-1,-1.381000042E0,-2.590000033E-1,1.484158382E0
2.829815564E0,6.269999743E-1,-1.679999948E0,5.580000281E-1,1.878002349E0
2.834782872E0,6.409999728E-1,-1.639000058E0,0.000000000E0,1.759886972E0
2.839750257E0,6.679999828E-1,-1.871000051E0,-1.062000036E0,2.252711532E0
2.844717641E0,6.679999828E-1,-2.237999916E0,-5.849999785E-1,2.407715219E0
2.849685103E0,5.860000253E-1,-2.279000044E0,-4.490000010E-1,2.395587241E0
2.854652401E0,4.909999967E-1,-2.414999962E0,-6.539999843E-1,2.549710139E0
2.859619862E0,2.310000062E-1,-2.415999889E0,1.759999990E-1,2.433391146E0
2.864587247E0,1.209999993E-1,-2.319999933E0,-6.809999943E-1,2.420909268E0
2.869554555E0,-5.799999833E-2,-2.265000105E0,1.101999998E0,2.519522469E0
2.874521939E0,-1.140000001E-1,-2.237999916E0,-1.049000025E0,2.474275788E0
2.879489390E0,-2.680000067E-1,-2.073999882E0,5.580000281E-1,2.164408359E0
2.884456774E0,-3.650000095E-1,-1.868999958E0,6.800000072E-1,2.022074642E0
2.889424087E0,-3.260000050E-1,-1.677999973E0,-5.720000267E-1,1.802538195E0
2.894391549E0,-3.959999979E-1,-1.350999951E0,-5.400000140E-2,1.408876456E0
2.899358933E0,-3.569999933E-1,-1.146999955E0,-1.360000074E-1,1.208947432E0
2.904326309E0,-2.489999980E-1,-1.133000016E0,9.390000105E-1,1.492451358E0
2.909293693E0,-2.770000100E-1,-1.024000049E0,6.700000167E-2,1.062917732E0
2.914261078E0,-7.299999893E-2,-1.009999990E0,2.720000148E-1,1.048528964E0
2.919228454E0,-5.999999866E-2,-8.600000143E-1,2.440000027E-1,8.959553704E-1
2.924195838E0,6.199999899E-2,-7.099999785E-1,-4.100000113E-2,7.138802207E-1
2.929163223E0,2.529999912E-1,-7.099999785E-1,-4.490000010E-1,8.773311609E-1
2.934130613E0,3.899999857E-1,-8.740000129E-1,2.039999962E-1,9.785663032E-1
2.939097997E0,3.510000110E-1,-9.419999719E-1,-1.500000060E-1,1.016398031E0
2.944065382E0,3.519999981E-1,-9.559999704E-1,2.579999864E-1,1.050906245E0
2.949032751E0,3.140000105E-1,-1.228999972E0,3.260000050E-1,1.309699562E0
2.954000136E0,3.170000017E-1,-1.378999949E0,-6.399999857E-1,1.552974514E0
2.958967521E0,1.299999952E-1,-1.271000028E0,3.120000064E-1,1.315174921E0
2.963935132E0,2.010000050E-1,-1.325000048E0,-8.029999733E-1,1.562317217E0
2.968902517E0,-5.499999970E-2,-1.570999980E0,5.170000196E-1,1.654797558E0
2.973869901E0,-8.299999684E-2,-1.570999980E0,-2.039999962E-1,1.586362485E0
2.978837064E0,-2.899999917E-2,-1.297999978E0,2.600000054E-2,1.298584207E0
2.983804680E0,5.200000107E-2,-1.093999982E0,2.600000054E-2,1.095543683E0
2.988772050E0,2.300000004E-2,-9.070000052E-1,-3.449999988E-1,9.706714216E-1
2.993739435E0,5.000000075E-2,-9.269999862E-1,3.079999983E-1,9.781068313E-1
2.998706820E0,6.400000304E-2,-1.008000016E0,-2.639999986E-1,1.043961701E0
3.003674208E0,7.699999958E-2,-9.539999962E-1,7.599999756E-2,9.601150932E-1
3.008641593E0,3.400000185E-2,-8.659999967E-1,-7.699999958E-2,8.700810274E-1
3.013608977E0,4.699999839E-2,-7.910000086E-1,-1.309999973E-1,8.031506787E-1
3.018576372E0,4.699999839E-2,-5.730000138E-1,1.700000092E-2,5.751756390E-1
3.023543834E0,7.400000095E-2,-5.049999952E-1,-8.999999613E-3,5.104723257E-1
3.028511155E0,4.399999976E-2,-4.329999983E-1,5.600000173E-2,4.388177284E-1
3.033478540E0,8.399999887E-2,-2.529999912E-1,-3.799999878E-2,2.692749436E-1
3.038445925E0,4.300000146E-2,-3.610000014E-1,-9.300000221E-2,3.752585796E-1
3.043413390E0,7.000000030E-2,-3.479999900E-1,2.899999917E-2,3.561530472E-1
3.048380698E0,-2.400000021E-2,-3.889999986E-1,1.499999966E-2,3.900282027E-1
3.053348159E0,1.790000051E-1,-3.479999900E-1,7.000000030E-2,3.975487327E-1
3.058315477E0,1.239999980E-1,-4.569999874E-1,5.600000173E-2,4.768238544E-1
3.063282939E0,2.599999905E-1,-4.160000086E-1,-9.300000221E-2,4.993045189E-1
3.068250347E0,4.070000052E-1,-4.519999921E-1,-1.070000008E-1,6.175775233E-1
3.073217732E0,3.899999857E-1,-5.299999714E-1,-5.299999937E-2,6.601582829E-1
3.078185116E0,6.069999933E-1,-3.799999952E-1,-1.070000008E-1,7.240842413E-1
3.083152496E0,7.699999809E-1,-3.930000067E-1,-6.700000167E-2,8.670859104E-1
3.088119881E0,7.699999809E-1,-3.799999952E-1,-1.080000028E-1,8.654270435E-1
3.093087265E0,8.730000257E-1,-3.499999940E-1,-9.399999678E-2,9.452327968E-1
3.098054661E0,9.269999862E-1,-3.630000055E-1,-9.399999678E-2,9.999669883E-1
3.103022046E0,9.539999962E-1,-3.899999857E-1,-1.209999993E-1,1.037717197E0
3.107989430E0,9.029999971E-1,-4.029999971E-1,-9.399999678E-2,9.933045816E-1
3.112956815E0,7.609999776E-1,-4.410000145E-1,4.199999943E-2,8.805486805E-1
3.117924199E0,8.690000176E-1,-4.129999876E-1,-1.070000008E-1,9.680800693E-1
3.122891593E0,1.031999946E0,-3.860000074E-1,-1.340000033E-1,1.109944095E0
3.127858978E0,8.249999881E-1,-2.590000033E-1,-5.099999905E-2,8.662026218E-1
3.132826593E0,7.639999986E-1,-3.930000067E-1,1.600000076E-2,8.593026260E-1
3.137793747E0,9.549999833E-1,-2.840000093E-1,7.000000030E-2,9.987897544E-1
3.142761362E0,9.139999747E-1,-2.840000093E-1,-1.739999950E-1,9.727938925E-1
3.147728771E0,9.309999943E-1,-2.910000086E-1,3.099999949E-2,9.759113660E-1
3.152695925E0,7.200000286E-1,-1.389999986E-1,1.949999928E-1,7.587793078E-1
3.157663540E0,7.599999905E-1,-1.790000051E-1,-2.529999912E-1,8.207618308E-1
3.162630915E0,6.380000114E-1,-1.800000072E-1,-9.000000358E-2,6.689873077E-1
3.167598300E0,5.210000277E-1,-1.040000021E-1,2.099999934E-1,5.712766637E-1
3.172565453E0,4.909999967E-1,-1.030000001E-1,1.150000021E-1,5.146989384E-1
3.177533074E0,4.219999909E-1,-2.199999988E-2,-2.109999955E-1,4.723229726E-1
3.182500458E0,2.590000033E-1,-1.040000021E-1,1.689999998E-1,3.262790249E-1
3.187467848E0,2.300000042E-1,-7.100000232E-2,1.840000004E-1,3.029802013E-1
3.192435002E0,6.769999862E-1,2.300000004E-2,-4.959999919E-1,8.395677300E-1
3.197402617E0,7.590000033E-1,-3.000000026E-3,8.799999952E-2,7.640903121E-1
3.202370088E0,6.499999762E-1,-5.799999833E-2,1.840000004E-1,6.780265253E-1
3.207337396E0,9.589999914E-1,-8.100000024E-2,-5.059999824E-1,1.087326062E0
3.212304780E0,5.699999928E-1,-2.600000054E-2,1.199999973E-1,5.830746018E-1
3.217272170E0,5.289999843E-1,-1.630000025E-1,-1.110000014E-1,5.645626489E-1
3.222239554E0,9.240000248E-1,-2.179999948E-1,-1.110000014E-1,9.558352598E-1
3.227206934E0,8.519999981E-1,-1.270000041E-1,1.230000034E-1,8.701505609E-1
3.232174319E0,6.819999814E-1,-7.199999690E-2,-2.500000037E-2,6.862455641E-1
3.237141780E0,7.639999986E-1,-1.539999992E-1,1.920000017E-1,8.026680498E-1
3.242109088E0,7.239999771E-1,-1.689999998E-1,4.199999943E-2,7.446482168E-1
3.247076549E0,6.890000105E-1,-2.599999905E-1,-3.599999845E-2,7.373038786E-1
3.252043934E0,6.019999981E-1,-2.860000134E-1,9.899999946E-2,6.737959671E-1
3.257011319E0,4.659999907E-1,-3.409999907E-1,1.949999928E-1,6.094768102E-1
3.261978703E0,3.980000019E-1,-2.739999890E-1,1.809999943E-1,5.159854586E-1
3.266946074E0,5.469999909E-1,-1.679999977E-1,-4.280000031E-1,7.145746931E-1
3.271913459E0,-2.899999917E-2,-1.949999928E-1,2.930000126E-1,3.531501162E-1
3.276880843E0,4.740000069E-1,-1.280000061E-1,6.199999899E-2,4.948777708E-1
3.281848199E0,8.280000091E-1,1.159999967E-1,-1.010000035E-1,8.421644821E-1
3.286815584E0,4.410000145E-1,1.799999923E-2,-2.890000045E-1,5.275661242E-1
3.291782891E0,6.830000281E-1,7.100000232E-2,6.639999747E-1,9.552099273E-1
3.296750305E0,9.150000215E-1,-5.200000107E-2,-3.970000148E-1,9.987682670E-1
3.301717766E0,8.059999943E-1,-1.620000005E-1,2.010000050E-1,8.463338543E-1
3.306685146E0,6.340000033E-1,-1.400000006E-1,-5.569999814E-1,8.554560092E-1
3.311652531E0,2.210000008E-1,-1.270000041E-1,7.910000086E-1,8.310541589E-1
3.316619915E0,-1.180000007E-1,-1.560000032E-1,-1.749999970E-1,2.624595209E-1
3.321587295E0,-2.129999995E-1,-1.309999973E-1,2.800000086E-2,2.516227317E-1
3.326554910E0,-7.080000043E-1,-1.230000034E-1,-9.799999744E-2,7.252565108E-1
3.331522064E0,-1.123999953E0,-2.739999890E-1,5.270000100E-1,1.271291037E0
3.336489670E0,-8.930000067E-1,-1.519999951E-1,2.300000004E-2,9.061357572E-1
3.341457054E0,-1.029000044E0,-2.349999994E-1,-5.700000003E-2,1.057031263E0
3.346424463E0,-9.340000153E-1,-3.339999914E-1,-7.720000148E-1,1.256939157E0
3.351391617E0,-6.679999828E-1,-2.919999957E-1,2.890000045E-1,7.842250807E-1
3.356359232E0,-9.269999862E-1,-4.420000017E-1,3.160000145E-1,1.074499411E0
3.361326362E0,-4.099999964E-1,-3.339999914E-1,-1.049999967E-1,5.391483939E-1
3.366293747E0,1.850000024E-1,-3.880000114E-1,-5.130000114E-1,6.692817206E-1
3.371261131E0,6.100000069E-2,-2.899999917E-1,4.000000190E-3,2.963730677E-1
3.376228757E0,6.179999709E-1,-3.039999902E-1,-7.699999958E-2,6.930143996E-1
3.381196141E0,6.320000291E-1,-1.949999928E-1,-1.449999958E-1,6.771071058E-1
3.386163516E0,5.360000134E-1,-2.370000035E-1,6.299999952E-1,8.604446583E-1
3.391130900E0,8.360000253E-1,-2.790000141E-1,-2.199999988E-2,8.816014123E-1
3.396098285E0,7.680000067E-1,-1.570000052E-1,-5.130000114E-1,9.368255033E-1
3.401065651E0,-2.099999972E-2,-1.449999958E-1,1.799999923E-2,1.476143582E-1
3.406033035E0,-9.600000083E-2,-1.239999980E-1,-1.049999967E-1,1.887246644E-1
3.411000420E0,-6.700000167E-2,-2.899999917E-2,4.930000007E-1,4.983763647E-1
3.415967873E0,-5.170000196E-1,-1.260000020E-1,-6.629999876E-1,8.501376384E-1
3.420935180E0,-7.070000172E-1,-1.270000041E-1,1.389999986E-1,7.316413226E-1
3.425902560E0,-6.990000010E-1,-1.459999979E-1,5.400000140E-2,7.161235933E-1
3.430870021E0,-5.979999900E-1,-1.729999930E-1,7.210000157E-1,9.525618134E-1
3.435837329E0,-7.210000157E-1,-1.739999950E-1,-2.179999948E-1,7.730724537E-1
3.440804786E0,-8.299999833E-1,-7.999999821E-2,0.000000000E0,8.338464919E-1
3.445772170E0,-6.600000262E-1,0.000000000E0,-2.890000045E-1,7.205005463E-1
3.450739555E0,-2.460000068E-1,2.500000037E-2,-6.570000052E-1,7.019900357E-1
3.455706868E0,-3.540000021E-1,5.200000107E-2,8.539999723E-1,9.259243783E-1
3.460674329E0,-3.680000007E-1,-8.500000089E-2,-6.840000153E-1,7.813482076E-1
3.465641719E0,-9.530000091E-1,-2.630000114E-1,4.449999928E-1,1.084160051E0
3.470609103E0,-7.350000143E-1,-1.949999928E-1,-4.399999976E-2,7.616994277E-1
3.475576411E0,-5.450000167E-1,-1.550000012E-1,-1.037999988E0,1.182579381E0
3.480543853E0,-8.450000286E-1,-1.420000046E-1,1.508000016E0,1.734431636E0
3.485511237E0,-3.140000105E-1,-1.150000021E-1,-1.202000022E0,1.247647811E0
3.490478622E0,-4.499999881E-1,5.999999866E-2,6.909999847E-1,8.267895549E-1
3.495446036E0,-5.590000153E-1,3.200000152E-2,-4.390000105E-1,7.114956264E-1
3.500413420E0,-4.100000113E-2,-2.300000004E-2,1.589999944E-1,1.658040962E-1
3.505380776E0,-5.740000010E-1,6.700000167E-2,2.389999926E-1,6.253686895E-1
3.510348160E0,-5.830000043E-1,-2.899999917E-2,-4.550000131E-1,7.401047337E-1
3.515315545E0,-3.370000124E-1,9.200000018E-2,1.710000038E-1,3.889395965E-1
3.520283165E0,-5.820000172E-1,-1.260000020E-1,-1.829999983E-1,6.229679124E-1
3.525250319E0,-9.010000229E-1,-2.210000008E-1,3.300000131E-1,9.846532640E-1
3.530217704E0,-6.489999890E-1,-2.199999988E-1,-4.050000012E-1,7.960062727E-1
3.535185333E0,-1.491999984E0,-1.389999986E-1,1.659999937E-1,1.507627590E0
3.540152718E0,-1.177999973E0,-2.759999931E-1,-1.049999967E-1,1.214448407E0
3.545119868E0,-1.271999955E0,-1.539999992E-1,-1.049999967E-1,1.285583480E0
3.550087252E0,-1.585999966E0,-3.600000143E-1,-1.319999993E-1,1.631692343E0
3.555054868E0,-1.310999990E0,-2.649999857E-1,-2.400000021E-2,1.337730154E0
3.560022242E0,-1.174000025E0,-3.459999859E-1,-1.534999967E0,1.963215970E0
3.564989627E0,-1.598000050E0,-2.790000141E-1,1.011000037E0,1.911430418E0
3.569957012E0,-1.309999943E0,-2.660000026E-1,-6.499999762E-1,1.486390198E0
3.574924185E0,-9.430000186E-1,-2.259999961E-1,1.187999964E0,1.533515226E0
3.579891569E0,-8.479999900E-1,-2.269999981E-1,-5.820000172E-1,1.053260178E0
3.584859185E0,-6.750000119E-1,-1.739999950E-1,-6.250000000E-1,9.362296803E-1
3.589826569E0,-9.150000215E-1,-5.099999905E-2,5.849999785E-1,1.087221695E0
3.594793954E0,-1.213999987E0,-1.870000064E-1,-1.075000048E0,1.632295951E0
3.599761348E0,-1.008999944E0,-2.290000021E-1,3.950000107E-1,1.107495777E0
3.604728733E0,-8.780000210E-1,-8.699999750E-2,-1.790000051E-1,9.002744239E-1
3.609696118E0,-1.021000028E0,-1.679999977E-1,-1.110000014E-1,1.040666160E0
3.614663530E0,-1.253000021E0,-2.770000100E-1,1.599999964E-1,1.293189103E0
3.619630992E0,-6.819999814E-1,-1.679999977E-1,-5.609999895E-1,8.989265610E-1
3.624598406E0,-8.920000196E-1,-5.499999970E-2,3.350000083E-1,9.544181685E-1
3.629565790E0,-9.940000176E-1,-2.700000070E-2,-4.269999862E-1,1.082170977E0
3.634533098E0,-1.444000006E0,-9.499999881E-2,-2.639999986E-1,1.471005444E0
3.639500559E0,-1.320999980E0,-1.630000025E-1,-2.500000000E-1,1.354293154E0
3.644467944E0,-1.463999987E0,-8.900000155E-2,-1.159999967E-1,1.471282760E0
3.649435252E0,-1.439000010E0,-1.159999967E-1,8.699999750E-2,1.446286980E0
3.654402631E0,-1.356999993E0,-2.099999972E-2,4.999999888E-3,1.357171685E0
3.659370093E0,-1.098999977E0,3.299999982E-2,1.550000012E-1,1.110367034E0
3.664337382E0,-8.470000029E-1,5.499999970E-2,-3.219999969E-1,9.078094529E-1
3.669304766E0,-9.629999995E-1,5.400000140E-2,2.080000043E-1,9.866858674E-1
3.674272228E0,-9.900000095E-1,2.700000070E-2,-2.269999981E-1,1.016050204E0
3.679239617E0,-1.384999990E0,-1.080000028E-1,-3.079999983E-1,1.422938148E0
3.684207002E0,-1.231999993E0,-1.650000066E-1,1.800000072E-1,1.255965361E0
3.689174387E0,-1.182000041E0,-1.089999974E-1,2.999999933E-2,1.187394246E0
3.694141795E0,-8.960000277E-1,-1.899999976E-1,-2.409999967E-1,9.470992805E-1
3.699109180E0,-1.496000051E0,-2.039999962E-1,4.250000119E-1,1.568520692E0
3.704076565E0,-1.572999954E0,-1.270000041E-1,-3.359999955E-1,1.613491200E0
3.709043939E0,-1.315000057E0,-2.080000043E-1,-1.049999967E-1,1.335482741E0
3.714011324E0,-1.424999952E0,-1.949999928E-1,-8.999999613E-3,1.438308333E0
3.718978737E0,-1.166000009E0,-1.949999928E-1,-1.049999967E-1,1.186847091E0
3.723946122E0,-1.549999952E0,-1.819999963E-1,5.900000036E-2,1.561763379E0
3.728913507E0,-1.225000024E0,-1.260000020E-1,-6.199999899E-2,1.233022732E0
3.733880876E0,-9.660000205E-1,-9.899999946E-2,8.600000292E-2,9.748605234E-1
3.738848261E0,-8.569999933E-1,-1.949999928E-1,-1.990000010E-1,9.011520328E-1
3.743815617E0,-6.999999881E-1,-1.309999973E-1,1.150000021E-1,7.213778366E-1
3.748783232E0,-6.399999857E-1,-2.119999975E-1,-2.790000141E-1,7.296471671E-1
3.753750617E0,-6.809999943E-1,-8.900000155E-2,1.010000035E-1,6.941779262E-1
3.758717784E0,-4.230000079E-1,-7.599999756E-2,-8.799999952E-2,4.386901027E-1
3.763685169E0,-2.549999952E-1,-1.999999955E-2,1.999999955E-2,2.565638274E-1
3.768652554E0,1.809999943E-1,-7.000000216E-3,-6.100000069E-2,1.911308400E-1
3.773620150E0,3.440000117E-1,1.010000035E-1,8.799999952E-2,3.691625776E-1
3.778587535E0,5.759999752E-1,-1.159999967E-1,1.019999981E-1,5.963522200E-1
3.783554919E0,6.159999967E-1,4.600000009E-2,-1.560000032E-1,6.371090934E-1
3.788522049E0,6.980000138E-1,1.280000061E-1,-1.560000032E-1,7.265838024E-1
3.793489665E0,7.110000253E-1,-6.199999899E-2,6.100000069E-2,7.163002414E-1
3.798457054E0,8.199999928E-1,-4.800000042E-2,-1.019999981E-1,8.277125032E-1
3.803424439E0,5.199999809E-1,-6.199999899E-2,4.699999839E-2,5.257879610E-1
3.808391593E0,2.890000045E-1,-7.599999756E-2,-6.100000069E-2,3.049885282E-1
3.813359193E0,3.000000026E-3,-7.599999756E-2,-1.999999955E-2,7.864476849E-2
3.818326578E0,-2.000000030E-1,-1.979999989E-1,-4.699999839E-2,2.853296350E-1
3.823293953E0,-4.289999902E-1,-1.340000033E-1,-1.899999939E-2,4.498421862E-1
3.828261338E0,-4.799999893E-1,-1.599999964E-1,-7.400000095E-2,5.113472291E-1
3.833228800E0,-4.120000005E-1,-7.900000364E-2,7.000000216E-3,4.195640606E-1
3.838196078E0,-3.300000131E-1,2.899999917E-2,-7.400000095E-2,3.394363103E-1
3.843163463E0,-9.200000018E-2,1.400000043E-2,7.000000216E-3,9.332202338E-2
3.848130848E0,1.120000035E-1,1.400000043E-2,-1.140000001E-1,1.604244395E-1
3.853098304E0,4.519999921E-1,0.000000000E0,-4.999999888E-3,4.520276462E-1
3.858065612E0,6.430000067E-1,-1.759999990E-1,3.500000015E-2,6.675702272E-1
3.863032996E0,8.199999928E-1,-2.440000027E-1,-1.899999939E-2,8.557435303E-1
3.868000400E0,9.559999704E-1,-3.400000036E-1,7.000000216E-3,1.014684653E0
3.872967862E0,1.078999996E0,-3.529999852E-1,-1.899999939E-2,1.135434270E0
3.877935164E0,9.020000100E-1,-3.939999938E-1,1.159999967E-1,9.911084766E-1
3.882902626E0,9.419999719E-1,-6.119999886E-1,-2.500000000E-1,1.150829237E0
3.887870010E0,8.740000129E-1,-6.259999871E-1,7.000000216E-3,1.075081860E0
3.892837376E0,8.740000129E-1,-8.849999905E-1,-7.299999893E-2,1.245965491E0
3.897804761E0,6.970000267E-1,-9.259999990E-1,8.900000155E-2,1.162413883E0
3.902772145E0,6.970000267E-1,-1.088999987E0,-8.699999750E-2,1.295877698E0
3.907739530E0,4.790000021E-1,-8.439999819E-1,1.979999989E-1,9.904448349E-1
3.912706915E0,4.250000119E-1,-1.006999969E0,-4.000000060E-1,1.163904615E0
3.917674303E0,4.790000021E-1,-1.034000039E0,4.800000042E-2,1.140570508E0
3.922641688E0,4.099999964E-1,-1.156999946E0,1.899999939E-2,1.227644033E0
3.927609072E0,3.519999981E-1,-1.080000043E0,4.999999888E-3,1.135926534E0
3.932576433E0,2.840000093E-1,-1.202999949E0,7.299999893E-2,1.238222066E0
3.937543818E0,2.969999909E-1,-1.351999998E0,-4.440000057E-1,1.453701824E0
3.942511444E0,2.779999971E-1,-1.282999992E0,8.209999800E-1,1.548358468E0
3.947478598E0,2.890000045E-1,-1.355000019E0,-3.910000026E-1,1.439592670E0
3.952445983E0,2.210000008E-1,-1.437000036E0,1.529999971E-1,1.461923084E0
3.957413598E0,2.619999945E-1,-1.340999961E0,-3.770000041E-1,1.417410983E0
3.962380983E0,2.569999993E-1,-1.111999989E0,-2.000000030E-1,1.158703144E0
3.967348367E0,2.280000001E-1,-9.129999876E-1,3.840000033E-1,1.016370493E0
3.972315747E0,9.200000018E-2,-1.075999975E0,-8.399999738E-1,1.368152003E0
3.977283132E0,-5.700000003E-2,-7.080000043E-1,-8.539999723E-1,1.110778537E0
3.982250314E0,-2.800000086E-2,-6.740000248E-1,1.120000035E-1,6.838157897E-1
3.987217930E0,1.099999994E-2,-7.509999871E-1,-3.499999940E-1,8.286265603E-1
3.992185314E0,2.500000037E-2,-7.099999785E-1,1.669999957E-1,7.298040615E-1
3.997152732E0,1.199999973E-1,-8.600000143E-1,-3.219999969E-1,9.261123161E-1
4.002119886E0,2.399999946E-1,-7.379999757E-1,-3.359999955E-1,8.456594814E-1
4.007087501E0,3.750000000E-1,-1.059000015E0,2.899999917E-1,1.160261189E0
4.012054963E0,4.020000100E-1,-1.289999962E0,7.530000210E-1,1.546839662E0
4.017022347E0,6.470000148E-1,-9.499999881E-1,-3.079999983E-1,1.189946636E0
4.021989650E0,4.009999931E-1,-8.759999871E-1,1.270000041E-1,9.717540702E-1
4.026957035E0,4.939999878E-1,-1.088000059E0,-6.620000005E-1,1.366024933E0
4.031924496E0,4.930000007E-1,-6.100000143E-1,3.200000152E-2,7.849668899E-1
4.036891867E0,5.070000291E-1,-9.639999866E-1,-5.389999747E-1,1.215263748E0
4.041859175E0,4.760000110E-1,-7.039999962E-1,1.190000057E0,1.462290033E0
4.046826636E0,3.510000110E-1,-6.729999781E-1,-7.289999723E-1,1.052411962E0
4.051793939E0,1.739999950E-1,-5.500000119E-1,1.959999949E-1,6.092552908E-1
4.056761324E0,7.699999958E-2,-4.410000145E-1,4.140000045E-1,6.097589823E-1
4.061728708E0,-1.700000092E-2,-8.360000253E-1,-7.570000291E-1,1.127933547E0
4.066696165E0,-2.890000045E-1,-7.269999981E-1,6.859999895E-1,1.040502756E0
4.071663472E0,-2.759999931E-1,-8.489999771E-1,4.950000048E-1,1.020784973E0
4.076630949E0,-4.939999878E-1,-8.360000253E-1,1.679999977E-1,9.854724905E-1
4.081598334E0,-4.210000038E-1,-5.370000005E-1,-3.600000143E-1,7.714985509E-1
4.086565718E0,-3.910000026E-1,-6.420000196E-1,-6.179999709E-1,9.731233176E-1
4.091533093E0,-2.680000067E-1,-3.829999864E-1,-8.699999750E-2,4.754808016E-1
4.096500478E0,-3.219999969E-1,-4.639999866E-1,-1.162999988E0,1.292883969E0
4.101467872E0,-3.089999855E-1,-1.509999931E-1,-8.640000224E-1,9.299344212E-1
4.106435257E0,-8.999999613E-3,-3.009999990E-1,-6.050000191E-1,6.758010229E-1
4.111402641E0,-3.599999845E-2,-1.509999931E-1,-1.280000061E-1,2.011989050E-1
4.116370016E0,2.080000043E-1,-3.829999864E-1,-1.054000020E0,1.140556458E0
4.121337401E0,2.969999909E-1,-1.790000051E-1,-1.010000035E-1,3.611800066E-1
4.126304785E0,6.219999790E-1,-2.800000086E-2,8.650000095E-1,1.065782806E0
4.131272161E0,5.410000086E-1,-4.639999866E-1,-1.271999955E0,1.458067517E0
4.136239546E0,5.820000172E-1,-3.280000091E-1,-3.319999874E-1,7.460107355E-1
4.141206930E0,7.590000033E-1,-4.199999943E-2,-1.516999960E0,1.696801074E0
4.146174319E0,1.100000024E0,-1.920000017E-1,2.930000126E-1,1.154431921E0
4.151141934E0,1.304999948E0,3.249999881E-1,1.641999960E0,2.122454646E0
4.156109319E0,1.195999980E0,1.099999994E-2,-1.041000009E0,1.585628573E0
4.161076473E0,1.156999946E0,1.759999990E-1,3.299999982E-2,1.170774903E0
4.166043857E0,8.899999857E-1,3.240000010E-1,-1.055999994E0,1.418524573E0
4.171011488E0,8.610000014E-1,4.329999983E-1,6.050000191E-1,1.137908179E0
4.175978872E0,5.749999881E-1,1.031999946E0,1.230999947E0,1.706168146E0
4.180946031E0,3.829999864E-1,2.560000122E-1,-2.187000036E0,2.234993099E0
4.185913647E0,2.469999939E-1,3.240000010E-1,6.179999709E-1,7.402087284E-1
4.190881031E0,8.399999887E-2,5.019999743E-1,-1.840000004E-1,5.412171229E-1
4.195848175E0,-5.099999905E-2,1.099999994E-2,2.230000049E-1,2.290218376E-1
4.200815790E0,-2.829999924E-1,3.900000080E-2,-3.889999986E-1,4.826292517E-1
4.205783175E0,-2.140000015E-1,-1.000000047E-3,4.999999888E-3,2.140607406E-1
4.210750546E0,-1.190000027E-1,1.070000008E-1,8.629999757E-1,8.777123440E-1
4.215717930E0,-2.419999987E-1,3.790000081E-1,2.144000053E0,2.190648588E0
4.220685315E0,-1.330000013E-1,3.790000081E-1,-1.791000009E0,1.835486594E0
4.225652762E0,1.260000020E-1,4.749999940E-1,8.640000224E-1,9.939803990E-1
4.230620069E0,5.900000036E-2,3.249999881E-1,6.589999795E-1,7.371478585E-1
4.235587459E0,2.220000029E-1,5.159999728E-1,-1.641999960E0,1.735426127E0
4.240554843E0,4.399999976E-1,6.650000215E-1,5.370000005E-1,9.613501063E-1
4.245522305E0,6.840000153E-1,7.609999776E-1,-7.020000219E-1,1.240879131E0
4.250489613E0,6.840000153E-1,7.200000286E-1,-2.119999975E-1,1.015480212E0
4.255456997E0,6.050000191E-1,6.930000186E-1,-2.444999933E0,2.612335875E0
4.260424416E0,7.099999785E-1,1.496000051E0,1.013000011E0,1.941207137E0
4.265391801E0,9.559999704E-1,1.210000038E0,-1.465000033E0,2.127031061E0
4.270359185E0,5.199999809E-1,1.442000031E0,-7.429999709E-1,1.703470877E0
4.275326570E0,7.940000296E-1,1.277999997E0,1.108999968E0,1.869117698E0
4.280294031E0,4.110000134E-1,8.560000062E-1,-2.091000080E0,2.296505684E0
4.285261339E0,4.530000091E-1,1.156000018E0,2.565999985E0,2.850596599E0
4.290228781E0,1.519999951E-1,6.250000000E-1,-4.800000042E-2,6.450062004E-1
4.295196165E0,8.399999887E-2,5.299999714E-1,-3.339999914E-1,6.320695877E-1
4.300163550E0,-2.400000021E-2,5.440000296E-1,4.600000009E-2,5.464686928E-1
4.305130959E0,-6.499999762E-2,7.620000243E-1,3.600000143E-1,8.452627089E-1
4.310098343E0,-3.100000024E-1,5.979999900E-1,-5.929999948E-1,8.974146106E-1
4.315065724E0,-2.829999924E-1,9.660000205E-1,-9.330000281E-1,1.372491926E0
4.320033108E0,-3.910000026E-1,8.169999719E-1,-1.342000008E0,1.619053420E0
4.325000493E0,-2.560000122E-1,1.537999988E0,1.230999947E0,1.986539916E0
4.329967878E0,-9.200000018E-2,1.401999950E0,7.549999952E-1,1.595021271E0
4.334935185E0,9.700000286E-2,1.184000015E0,4.140000045E-1,1.258038569E0
4.339902565E0,2.199999988E-1,1.034000039E0,8.640000224E-1,1.365302940E0
4.344870027E0,3.149999976E-1,5.979999900E-1,-2.023000002E0,2.132922407E0
4.349837411E0,7.509999871E-1,8.299999833E-1,-9.470000267E-1,1.466188939E0
4.354804805E0,9.829999804E-1,1.238000035E0,-1.029000044E0,1.886206282E0
4.359772189E0,1.050999999E0,1.251999974E0,-8.650000095E-1,1.849413407E0
4.364739574E0,1.309999943E0,1.483000040E0,1.286000013E0,2.359912075E0
4.369707179E0,1.254999995E0,1.333999991E0,-9.060000181E-1,2.043383713E0
4.374674333E0,1.226999998E0,1.661000013E0,1.420000046E-1,2.069930927E0
4.379641949E0,1.228000045E0,1.483999968E0,7.139999866E-1,2.054272619E0
4.384609347E0,1.024000049E0,1.401999950E0,-1.996000051E0,2.645410397E0
4.389576732E0,8.870000243E-1,1.741999984E0,-3.750000000E-1,1.990466776E0
4.394543876E0,6.690000296E-1,1.850999951E0,-7.020000219E-1,2.089632956E0
4.399511491E0,5.469999909E-1,1.578999996E0,3.600000143E-1,1.709400476E0
4.404478645E0,2.739999890E-1,1.769999981E0,1.327000022E0,2.229104077E0
4.409446035E0,9.600000083E-2,1.565999985E0,-4.699999988E-1,1.637825373E0
4.414413650E0,-1.209999993E-1,1.960999966E0,1.748999953E0,2.630430136E0
4.419381035E0,-2.720000148E-1,1.743000031E0,-4.800000042E-2,1.764748456E0
4.424348419E0,-2.860000134E-1,1.389000058E0,-1.979999989E-1,1.431894259E0
4.429315804E0,-4.900000095E-1,1.661000013E0,3.869999945E-1,1.774483037E0
4.434283184E0,-4.090000093E-1,1.702000022E0,-5.929999948E-1,1.848170467E0
4.439250568E0,-4.100000113E-2,1.578999996E0,3.050000072E-1,1.608709729E0
4.444217953E0,0.000000000E0,1.715000033E0,7.549999952E-1,1.873832999E0
4.449185338E0,1.220000014E-1,1.851999998E0,-5.109999776E-1,1.925073757E0
4.454152722E0,3.529999852E-1,1.769999981E0,-4.979999959E-1,1.872301503E0
4.459120184E0,4.490000010E-1,1.797000051E0,1.095000029E0,2.151705195E0
4.464087491E0,5.180000067E-1,1.687999964E0,-1.574000001E0,2.365405650E0
4.469054876E0,7.630000114E-1,1.769999981E0,-3.889999986E-1,1.966313797E0
4.474022218E0,8.989999890E-1,1.988000035E0,4.410000145E-1,2.225943875E0
4.478989602E0,1.049000025E0,1.947000027E0,-6.340000033E-1,2.300688193E0
4.483956987E0,1.118000031E0,1.986999989E0,7.680000067E-1,2.405809018E0
4.488924401E0,1.103999972E0,1.932999969E0,-7.500000298E-2,2.227314486E0
4.493891785E0,1.062999964E0,1.945999980E0,-1.368999958E0,2.605963494E0
4.498859170E0,8.439999819E-1,2.055000067E0,1.366999984E0,2.608457437E0
4.503826554E0,8.989999890E-1,1.782999992E0,-1.030000001E-1,1.999474669E0
4.508794016E0,6.940000057E-1,1.919000030E0,-7.559999824E-1,2.176173958E0
4.513761391E0,4.900000095E-1,1.878000021E0,-3.400000185E-2,1.941169773E0
4.518728698E0,1.770000011E-1,1.824000001E0,-7.149999738E-1,1.967112088E0
4.523696160E0,-2.700000070E-2,1.756000042E0,8.769999743E-1,1.963006394E0
4.528663544E0,0.000000000E0,1.592000008E0,-7.020000219E-1,1.739904611E0
4.533630929E0,-1.909999996E-1,1.592000008E0,-3.400000185E-2,1.603777112E0
4.538598314E0,-1.529999971E-1,1.386000037E0,-7.800000161E-2,1.396599120E0
4.543565698E0,-2.469999939E-1,1.225999951E0,-6.769999862E-1,1.422115979E0
4.548533011E0,-3.289999962E-1,1.307000041E0,2.199999988E-1,1.365609792E0
4.553500473E0,-2.199999988E-1,1.238999963E0,2.890000045E-1,1.291139772E0
4.558467857E0,-2.060000002E-1,1.116000056E0,-6.639999747E-1,1.314833865E0
4.563435473E0,-5.600000173E-2,9.929999709E-1,-2.400000021E-2,9.948672989E-1
4.568402626E0,1.059999987E-1,1.006999969E0,3.970000148E-1,1.087609282E0
4.573370011E0,5.099999905E-2,8.299999833E-1,-6.639999747E-1,1.064141409E0
4.578337627E0,6.100000069E-2,1.070000052E0,2.730000019E-1,1.105961172E0
4.583305011E0,2.509999871E-1,1.116999984E0,-1.749999970E-1,1.158151526E0
4.588272169E0,1.819999963E-1,1.129999995E0,-1.200000010E-2,1.144625698E0
4.593239554E0,2.509999871E-1,1.143000007E0,1.099999994E-1,1.175393555E0
4.598207169E0,2.599999905E-1,9.909999967E-1,-1.759999990E-1,1.039546530E0
4.603174569E0,2.440000027E-1,8.199999928E-1,-8.100000024E-2,8.593584756E-1
4.608141723E0,3.939999938E-1,7.110000253E-1,-1.080000028E-1,8.200128241E-1
4.613109338E0,4.350000024E-1,6.150000095E-1,-2.600000054E-2,7.537413441E-1
4.618076468E0,4.059999883E-1,5.370000005E-1,2.700000070E-2,6.737462364E-1
4.623043852E0,3.619999886E-1,4.379999936E-1,-1.220000014E-1,5.811815434E-1
4.628011246E0,3.759999871E-1,4.239999950E-1,-8.100000024E-2,5.724622137E-1
4.632978861E0,2.939999998E-1,3.829999864E-1,-6.700000167E-2,4.874566541E-1
4.637946015E0,2.259999961E-1,3.829999864E-1,-6.700000167E-2,4.497265703E-1
4.642913650E0,4.800000042E-2,3.970000148E-1,-5.400000140E-2,4.035207701E-1
4.647881034E0,-1.959999949E-1,4.779999852E-1,-8.100000024E-2,5.229349710E-1
4.652848419E0,-3.869999945E-1,3.829999864E-1,-8.100000024E-2,5.504716027E-1
4.657815800E0,-5.230000019E-1,4.920000136E-1,-1.360000074E-1,7.308139417E-1
4.662783184E0,-6.320000291E-1,5.059999824E-1,-1.630000025E-1,8.258504827E-1
4.667750597E0,-7.549999952E-1,3.829999864E-1,-1.300000027E-2,8.466894250E-1
4.672717981E0,-8.230000138E-1,3.560000062E-1,-5.400000140E-2,8.983212272E-1
4.677685366E0,-8.510000110E-1,3.560000062E-1,0.000000000E0,9.224624779E-1
4.682652775E0,-8.510000110E-1,2.610000074E-1,-2.700000070E-2,8.905341221E-1
4.687620159E0,-9.599999785E-1,2.199999988E-1,-1.490000039E-1,9.960928468E-1
4.692587544E0,-1.095999956E0,2.469999939E-1,-6.700000167E-2,1.125483852E0
4.697554905E0,-9.729999900E-1,2.440000027E-1,-6.700000167E-2,1.005362612E0
4.702522289E0,-1.034000039E0,2.960000038E-1,-5.299999937E-2,1.076838467E0
4.707489669E0,-1.320000052E0,1.190000027E-1,2.800000086E-2,1.325648950E0
4.712457053E0,-1.509999990E0,1.330000013E-1,-1.209999993E-1,1.520667607E0
4.717424515E0,-1.496999979E0,1.599999964E-1,1.640000045E-1,1.514432216E0
4.722391900E0,-1.210999966E0,2.280000001E-1,-2.169999927E-1,1.251236953E0
4.727359207E0,-1.115000010E0,3.370000124E-1,8.200000226E-2,1.167697748E0
4.732326669E0,-1.156000018E0,3.100000024E-1,-2.600000054E-2,1.197126578E0
4.737294054E0,-1.116999984E0,2.759999931E-1,-2.020000070E-1,1.168190465E0
4.742261438E0,-8.489999771E-1,3.689999878E-1,2.000000095E-3,9.257245552E-1
4.747228823E0,-7.810000181E-1,3.420000076E-1,-2.560000122E-1,8.902028082E-1
4.752196207E0,-7.810000181E-1,4.370000064E-1,-1.099999994E-2,8.950145440E-1
4.757163592E0,-9.070000052E-1,4.079999924E-1,-1.449999958E-1,1.005056218E0
4.762130895E0,-8.579999804E-1,4.729999900E-1,4.000000190E-3,9.797494358E-1
4.767098356E0,-8.309999704E-1,2.949999869E-1,-2.809999883E-1,9.254982099E-1
4.772065741E0,-8.709999919E-1,2.680000067E-1,-1.449999958E-1,9.227621515E-1
4.777033136E0,-9.679999948E-1,3.140000105E-1,7.400000095E-2,1.020341118E0
4.782000520E0,-8.100000024E-1,1.620000005E-1,-6.100000069E-2,8.282904105E-1
4.786967900E0,-1.177999973E0,2.700000107E-1,-3.059999943E-1,1.246683576E0
4.791935515E0,-8.790000081E-1,1.609999985E-1,1.840000004E-1,9.123694503E-1
4.796902900E0,-9.480000138E-1,1.620000005E-1,-1.120000035E-1,9.682417194E-1
4.801870025E0,-9.279999733E-1,1.330000013E-1,-5.479999781E-1,1.085899133E0
4.806837640E0,-1.118000031E0,3.700000048E-2,7.800000161E-2,1.121328261E0
4.811805020E0,-9.679999948E-1,5.000000075E-2,-5.700000003E-2,9.709649787E-1
4.816772174E0,-1.036000013E0,-4.199999943E-2,3.529999852E-1,1.095294032E0
4.821739558E0,-9.060000181E-1,-9.600000083E-2,-9.120000005E-1,1.289106681E0
4.826707174E0,-7.160000205E-1,-1.519999951E-1,5.170000196E-1,8.961300397E-1
4.831674327E0,-4.149999917E-1,-8.399999887E-2,-1.360000074E-1,4.447212553E-1
4.836641712E0,-3.359999955E-1,2.099999972E-2,-6.599999964E-2,3.430641294E-1
4.841609073E0,-7.500000298E-2,8.799999952E-2,2.800000086E-2,1.189663835E-1
4.846576688E0,-2.389999926E-1,5.999999866E-2,-1.480000019E-1,2.874456416E-1
4.851543842E0,-2.389999926E-1,2.360000014E-1,-5.699999928E-1,6.616018357E-1
4.856511438E0,-8.000000380E-3,2.840000093E-1,3.149999976E-1,4.241992501E-1
4.861478823E0,-1.439999938E-1,3.079999983E-1,-1.199999973E-1,3.605551228E-1
4.866446242E0,-4.309999943E-1,2.259999961E-1,-7.599999905E-1,9.024616218E-1
4.871413626E0,-3.350000083E-1,3.339999914E-1,2.060000002E-1,5.159622079E-1
4.876381011E0,-3.339999914E-1,1.190000027E-1,-6.499999762E-1,7.404167502E-1
4.881348443E0,-4.799999893E-1,2.199999988E-2,4.659999907E-1,6.693578871E-1
4.886315828E0,-1.940000057E-1,-1.420000046E-1,1.940000057E-1,3.089271852E-1
4.891283136E0,-2.890000045E-1,-7.500000298E-2,-5.950000286E-1,6.657109261E-1
4.896250520E0,1.589999944E-1,-1.860000044E-1,9.559999704E-1,9.868196103E-1
4.901217905E0,1.299999952E-1,-1.720000058E-1,-3.100000024E-1,3.776029691E-1
4.906185299E0,-5.900000036E-2,-2.280000001E-1,-5.279999971E-1,5.781427134E-1
4.911152683E0,8.900000155E-2,-1.879999936E-1,5.609999895E-1,5.983193011E-1
4.916120068E0,3.889999986E-1,-1.129999980E-1,1.640000045E-1,4.370194503E-1
4.921087443E0,7.129999995E-1,-1.280000061E-1,9.600000083E-2,7.307318257E-1
4.926054828E0,5.360000134E-1,-6.000000052E-3,-1.223999977E0,1.336229007E0
4.931022213E0,9.169999957E-1,1.280000061E-1,2.319999933E-1,9.545140075E-1
4.935989669E0,9.850000143E-1,8.600000292E-2,1.230000034E-1,9.963684206E-1
4.940956977E0,1.095000029E0,1.260000020E-1,-3.900000080E-2,1.102915257E0
4.945924439E0,9.309999943E-1,1.920000017E-1,4.199999943E-2,9.515193061E-1
4.950891823E0,1.026999950E0,1.369999945E-1,3.000000119E-1,1.078655600E0
4.955859208E0,1.123000026E0,-5.299999937E-2,6.899999827E-2,1.126365419E0
4.960826606E0,9.869999886E-1,-5.400000140E-2,-4.199999869E-1,1.074004174E0
4.965793991E0,8.909999728E-1,-1.099999994E-1,-5.289999843E-1,1.042027799E0
4.970761376E0,6.869999766E-1,-2.000000095E-3,1.509999931E-1,7.034017101E-1
4.975728683E0,7.689999938E-1,-5.700000003E-2,-8.429999948E-1,1.142479313E0
4.980696145E0,6.729999781E-1,-9.899999946E-2,3.819999993E-1,7.801627842E-1
4.985663521E0,7.009999752E-1,-1.270000041E-1,-8.700000048E-1,1.124468752E0
4.990630828E0,8.920000196E-1,-2.099999934E-1,6.959999800E-1,1.150730205E0
4.995598213E0,1.082999945E0,-1.700000018E-1,-3.930000067E-1,1.164576269E0
5.000565689E0,1.042000055E0,-2.249999940E-1,1.640000045E-1,1.078556959E0
5.005533074E0,9.330000281E-1,-1.850000024E-1,-1.200000010E-2,9.512402711E-1
5.010500459E0,1.082999945E0,-3.630000055E-1,1.780000031E-1,1.156002546E0
5.015467848E0,8.569999933E-1,-1.239999980E-1,-4.510000050E-1,9.763329312E-1
5.020435233E0,1.054999948E0,-1.909999996E-1,1.210000038E0,1.616665080E0
5.025402843E0,1.095000029E0,-2.899999917E-2,-4.370000064E-1,1.179336707E0
5.030369997E0,8.769999743E-1,3.700000048E-2,-1.110000014E-1,8.847705664E-1
5.035337613E0,8.820000291E-1,8.999999613E-3,-3.449999988E-1,9.471167037E-1
5.040305016E0,9.980000257E-1,6.199999899E-2,1.029999971E0,1.435530561E0
5.045272170E0,1.039999962E0,1.430000067E-1,-3.989999890E-1,1.123053834E0
5.050239555E0,9.309999943E-1,5.999999866E-2,2.199999988E-2,9.331907571E-1
5.055207175E0,1.177000046E0,6.899999827E-2,1.550000012E-1,1.189165719E0
5.060174560E0,9.639999866E-1,-9.499999881E-2,-3.479999900E-1,1.029283716E0
5.065141728E0,1.358000040E0,-2.310000062E-1,-4.709999859E-1,1.455804279E0
5.070109112E0,1.713000059E0,-1.360000074E-1,-5.389999747E-1,1.800940359E0
5.075076728E0,1.631000042E0,-1.509999931E-1,-1.710000038E-1,1.646876782E0
5.080044083E0,1.304000020E0,-3.280000091E-1,-6.340000033E-1,1.486592097E0
5.085011237E0,1.412999988E0,-1.650000066E-1,3.179999888E-1,1.457709834E0
5.089978852E0,1.304999948E0,-1.920000017E-1,-4.020000100E-1,1.378946290E0
5.094946247E0,1.320999980E0,-1.040000021E-1,1.600000076E-2,1.325184118E0
5.099913401E0,1.460999966E0,-2.800000012E-1,1.659999937E-1,1.496822267E0
5.104881030E0,1.393000007E0,-2.529999912E-1,1.519999951E-1,1.423924862E0
5.109848415E0,1.161999941E0,-1.850000024E-1,-1.870000064E-1,1.191401639E0
5.114815800E0,1.202999949E0,-2.240000069E-1,3.549999893E-1,1.274131027E0
5.119783189E0,8.809999824E-1,-3.449999988E-1,-2.980000079E-1,9.919626872E-1
5.124750574E0,7.870000005E-1,-2.500000000E-1,-6.250000000E-1,1.035612862E0
5.129717959E0,8.960000277E-1,-2.220000029E-1,5.870000124E-1,1.093923702E0
5.134685372E0,5.559999943E-1,-2.960000038E-1,-3.939999938E-1,7.429589430E-1
5.139652757E0,5.649999976E-1,-1.439999938E-1,-1.200000010E-2,5.831852155E-1
5.144620141E0,4.560000002E-1,-1.990000010E-1,-1.759999990E-1,5.277433091E-1
5.149587526E0,4.300000072E-1,-1.040000021E-1,1.640000045E-1,4.718177700E-1
5.154554911E0,6.060000062E-1,-9.700000286E-2,3.680000007E-1,7.155899724E-1
5.159522305E0,5.609999895E-1,-1.230000034E-1,-7.620000243E-1,9.541981063E-1
5.164489690E0,6.299999952E-1,3.900000080E-2,1.230000034E-1,6.430785293E-1
5.169457075E0,6.439999938E-1,2.500000037E-2,2.860000134E-1,7.050936106E-1
5.174424459E0,6.259999871E-1,6.100000069E-2,-3.670000136E-1,7.282073839E-1
5.179391844E0,7.030000091E-1,-3.299999982E-2,1.089999974E-1,7.121650175E-1
5.184359255E0,7.850000262E-1,-1.010000035E-1,-5.159999728E-1,9.448185084E-1
5.189326640E0,8.249999881E-1,-7.400000095E-2,5.590000153E-1,9.992907472E-1
5.194294102E0,1.161999941E0,-3.099999949E-2,-4.480000138E-1,1.245756347E0
5.199261486E0,1.629999995E0,-3.000000026E-3,3.549999893E-1,1.668212809E0
5.204228794E0,1.534999967E0,1.049999967E-1,-7.059999704E-1,1.692833676E0
5.209196255E0,1.411999941E0,-1.250000000E-1,4.499999881E-1,1.487235295E0
5.214163646E0,1.613000035E0,-2.000000095E-3,5.700000003E-2,1.614008090E0
5.219131031E0,1.722000003E0,5.099999905E-2,-2.140000015E-1,1.735995683E0
5.224098338E0,1.557999969E0,1.199999973E-1,1.529999971E-1,1.570086909E0
5.229065805E0,1.924999952E0,2.419999987E-1,-6.219999790E-1,2.037418168E0
5.234033190E0,1.705000043E0,2.300000004E-2,6.330000162E-1,1.818857654E0
5.239000497E0,1.296000004E0,1.729999930E-1,-4.679999948E-1,1.388729276E0
5.243967969E0,1.062000036E0,1.319999993E-1,4.800000042E-2,1.071247906E0
5.248935353E0,6.090000272E-1,3.599999845E-2,1.979999989E-1,6.413899224E-1
5.253902733E0,4.129999876E-1,2.099999972E-2,-1.669999957E-1,4.459809282E-1
5.258870041E0,2.730000019E-1,-1.999999955E-2,6.400000304E-2,2.811138584E-1
5.263837502E0,1.899999976E-1,-6.000000052E-3,-2.210000008E-1,2.915081465E-1
5.268805123E0,-4.300000146E-2,-1.700000018E-1,-1.120000035E-1,2.080697035E-1
5.273772277E0,-1.430000067E-1,-1.589999944E-1,6.300000101E-2,2.229327259E-1
5.278739661E0,-2.520000041E-1,-1.169999987E-1,-7.199999690E-2,2.870139392E-1
5.283707036E0,1.150000021E-1,-1.030000001E-1,-1.400000006E-1,2.084082548E-1
5.288674651E0,1.129999980E-1,-1.439999938E-1,5.000000075E-2,1.897498296E-1
5.293641805E0,3.190000057E-1,-5.799999833E-2,3.700000048E-2,3.263341899E-1
5.298609190E0,3.560000062E-1,-5.799999833E-2,-1.110000014E-1,3.773870752E-1
5.303576574E0,5.460000038E-1,-2.999999933E-2,-1.519999951E-1,5.675561669E-1
5.308543973E0,6.399999857E-1,2.549999952E-1,-2.999999933E-2,6.895831924E-1
5.313511358E0,8.119999766E-1,1.110000014E-1,-1.220000014E-1,8.285825021E-1
5.318478742E0,8.849999905E-1,-1.099999994E-2,-8.100000024E-2,8.887671141E-1
5.323446349E0,9.380000234E-1,1.509999931E-1,-1.300000027E-2,9.501652708E-1
5.328413503E0,9.769999981E-1,1.790000051E-1,-2.600000054E-2,9.936025353E-1
5.333381103E0,8.600000143E-1,2.939999998E-1,-2.199999988E-2,9.091314671E-1
5.338348488E0,9.210000038E-1,1.829999983E-1,-4.899999872E-2,9.402824077E-1
5.343315872E0,1.029999971E0,2.380000055E-1,-2.199999988E-2,1.057368405E0
5.348283214E0,1.001999974E0,2.790000141E-1,-1.169999987E-1,1.046677580E0
5.353250598E0,9.340000153E-1,2.860000134E-1,-1.400000006E-1,9.867887496E-1
5.358217983E0,8.019999862E-1,2.689999938E-1,9.999999776E-3,8.459698425E-1
5.363185373E0,4.990000129E-1,5.550000072E-1,9.200000018E-2,7.519907053E-1
5.368152757E0,-4.679999948E-1,-1.700000092E-2,5.099999905E-2,4.710774830E-1
5.373120142E0,-6.039999723E-1,7.800000161E-2,-1.659999937E-1,6.312336847E-1
5.378087300E0,-4.950000048E-1,7.800000161E-2,-3.000000026E-3,5.011167578E-1
5.383054915E0,-4.679999948E-1,5.099999905E-2,-1.120000035E-1,4.839101112E-1
5.388022295E0,-5.780000091E-1,9.999999776E-3,-1.600000076E-2,5.783078856E-1
5.392989679E0,-5.109999776E-1,-3.000000026E-3,-2.000000095E-3,5.110126976E-1
5.397957064E0,-4.979999959E-1,2.300000004E-2,-2.000000095E-3,4.985348493E-1
5.402924416E0,-4.709999859E-1,7.699999958E-2,-9.799999744E-2,4.872104126E-1
5.407891800E0,-4.709999859E-1,6.400000304E-2,-1.110000014E-1,4.881167765E-1
5.412859262E0,-4.839999974E-1,3.599999845E-2,-1.659999937E-1,5.129405377E-1
5.417826575E0,-4.029999971E-1,9.099999815E-2,-4.300000146E-2,4.153781379E-1
5.422793959E0,-4.589999914E-1,5.000000075E-2,-1.600000076E-2,4.619924158E-1
5.427761416E0,-4.880000055E-1,9.000000358E-2,-4.300000146E-2,4.980893556E-1
5.432728800E0,-4.440000057E-1,8.399999887E-2,7.699999958E-2,4.583895776E-1
5.437696108E0,-4.140000045E-1,1.600000076E-2,-3.200000152E-2,4.155430229E-1
5.442663560E0,-3.989999890E-1,2.899999917E-2,4.899999872E-2,4.030421703E-1
5.447630867E0,-4.930000007E-1,9.799999744E-2,-1.270000041E-1,5.184418976E-1
5.452598262E0,-4.600000083E-1,6.599999964E-2,-3.400000185E-2,4.659527956E-1
5.457565647E0,-4.429999888E-1,1.099999994E-2,-1.700000018E-1,4.746261589E-1
5.462533108E0,-4.720000029E-1,3.799999878E-2,-7.000000216E-3,4.735789297E-1
5.467500406E0,-3.529999852E-1,1.049999967E-1,-3.400000185E-2,3.698513066E-1
5.472467790E0,-2.939999998E-1,5.999999866E-2,1.899999939E-2,3.006609381E-1
5.477435252E0,-1.969999969E-1,1.270000041E-1,-8.000000380E-3,2.345250516E-1
5.482402642E0,-1.959999949E-1,-4.899999872E-2,8.699999750E-2,2.199681737E-1
5.487369949E0,-3.059999943E-1,1.799999923E-2,3.589999974E-1,4.720603718E-1
5.492337348E0,-4.699999988E-1,-4.699999839E-2,3.099999949E-2,4.733603265E-1
5.497304810E0,8.200000226E-2,1.150000021E-1,5.490000248E-1,5.668774366E-1
5.502272425E0,-9.899999946E-2,1.550000012E-1,-4.899999872E-2,1.903339175E-1
5.507239574E0,-6.930000186E-1,4.600000009E-2,-1.180000007E-1,7.044778392E-1
5.512206958E0,-4.880000055E-1,3.099999949E-2,-3.379999995E-1,5.944316655E-1
5.517174343E0,-4.569999874E-1,1.700000092E-2,-1.609999985E-1,4.848288234E-1
5.522141719E0,-1.350000054E-1,2.999999933E-2,1.509999931E-1,2.047583926E-1
5.527109103E0,-5.999999866E-2,1.239999980E-1,1.379999965E-1,1.949871749E-1
5.532076468E0,-3.720000088E-1,-9.999999776E-3,-9.399999678E-2,3.838228836E-1
5.537044083E0,-3.639999926E-1,9.899999946E-2,-1.899999976E-1,4.223706827E-1
5.542011237E0,-3.759999871E-1,-5.000000075E-2,-3.999999911E-2,3.814131491E-1
5.546978637E0,-1.350000054E-1,4.399999976E-2,1.640000045E-1,2.169262615E-1
5.551946252E0,-6.599999964E-2,1.169999987E-1,1.400000043E-2,1.350592450E-1
5.556913406E0,-3.490000069E-1,7.000000216E-3,-5.299999937E-2,3.530708212E-1
5.561880819E0,-3.860000074E-1,3.500000015E-2,-2.579999864E-1,4.656017598E-1
5.566848434E0,-2.639999986E-1,2.099999972E-2,-1.490000039E-1,3.038716841E-1
5.571815829E0,-5.900000036E-2,9.600000083E-2,2.700000070E-2,1.158706185E-1
5.576782983E0,-1.829999983E-1,4.100000113E-2,5.499999970E-2,1.954354099E-1
5.581750367E0,-4.379999936E-1,1.089999974E-1,-1.350000054E-1,4.711156920E-1
5.586717978E0,-4.090000093E-1,-5.299999937E-2,-1.630000025E-1,4.434625219E-1
5.591685131E0,-1.800000072E-1,7.599999756E-2,1.300000027E-2,1.958187994E-1
5.596652516E0,-1.539999992E-1,-4.999999888E-3,6.800000370E-2,1.684191208E-1
5.601620122E0,-3.030000031E-1,4.800000042E-2,-1.300000027E-2,3.070537444E-1
5.606587507E0,-3.409999907E-1,2.099999972E-2,-1.500000060E-1,3.731246379E-1
5.611554901E0,-2.049999982E-1,4.500000179E-2,-5.499999970E-2,2.169677381E-1
5.616522285E0,-1.239999980E-1,4.000000190E-3,7.999999821E-2,1.476211340E-1
5.621489670E0,-2.739999890E-1,-3.599999845E-2,-1.770000011E-1,3.281782964E-1
5.626457036E0,-3.670000136E-1,4.500000179E-2,-1.909999996E-1,4.161670458E-1
5.631424420E0,-2.029999942E-1,6.700000167E-2,-8.299999684E-2,2.293185499E-1
5.636391805E0,-1.759999990E-1,6.700000167E-2,1.340000033E-1,2.311298353E-1
5.641359251E0,-2.849999964E-1,5.299999937E-2,-6.899999827E-2,2.979848950E-1
5.646326636E0,-2.700000107E-1,-1.400000043E-2,-1.509999931E-1,3.096724136E-1
5.651293939E0,-2.389999926E-1,2.400000021E-2,-7.000000030E-2,2.501939178E-1
5.656261323E0,-1.430000067E-1,-3.000000026E-3,1.099999994E-2,1.434538320E-1
5.661228708E0,-1.299999952E-1,9.999999776E-3,-1.110000014E-1,1.712337556E-1
5.666196069E0,-2.380000055E-1,-2.999999933E-2,-7.000000030E-2,2.498879801E-1
5.671163453E0,-2.599999905E-1,4.800000042E-2,5.099999905E-2,2.692675156E-1
5.676130915E0,-1.770000011E-1,8.799999952E-2,1.049999967E-1,2.238258243E-1
5.681098251E0,-1.909999996E-1,-3.400000185E-2,-7.100000232E-2,2.065865444E-1
5.686065712E0,-1.500000060E-1,-3.400000185E-2,-1.389999986E-1,2.073089518E-1
5.691033093E0,-2.160000056E-1,6.000000052E-3,-1.260000020E-1,2.501359689E-1
5.696000477E0,-1.459999979E-1,1.899999939E-2,-3.099999949E-2,1.504592946E-1
5.700967785E0,-1.599999964E-1,7.400000095E-2,2.300000004E-2,1.777779486E-1
5.705935256E0,-2.560000122E-1,-4.800000042E-2,-5.799999833E-2,2.668407879E-1
5.710902640E0,-2.129999995E-1,3.099999949E-2,5.000000075E-2,2.209751114E-1
5.715870025E0,-1.159999967E-1,1.700000092E-2,-3.099999949E-2,1.212682944E-1
5.720837428E0,-1.840000004E-1,-8.999999613E-3,-8.600000292E-2,2.033051909E-1
5.725804813E0,-1.710000038E-1,3.000000026E-3,-5.799999833E-2,1.805934692E-1
5.730772107E0,-1.209999993E-1,3.000000026E-3,-1.000000015E-1,1.570031851E-1
5.735739491E0,-1.749999970E-1,2.999999933E-2,8.000000380E-3,1.777329427E-1
5.740706953E0,-1.749999970E-1,3.000000026E-3,-1.129999980E-1,2.083338631E-1
5.745674338E0,-1.480000019E-1,4.300000146E-2,2.199999988E-2,1.556823711E-1
5.750641645E0,-4.899999872E-2,1.499999966E-2,-4.500000179E-2,6.819824063E-2
5.755609107E0,-8.900000155E-2,4.199999943E-2,-1.539999992E-1,1.827594046E-1
5.760576476E0,-1.710000038E-1,1.099999994E-1,-1.799999923E-2,2.041200655E-1
5.765544092E0,-1.439999938E-1,-2.500000037E-2,-3.200000152E-2,1.496161700E-1
5.770511232E0,-1.599999964E-1,-2.300000004E-2,-1.799999923E-2,1.626437789E-1
5.775478616E0,-1.589999944E-1,3.000000026E-3,3.500000015E-2,1.628342661E-1
5.780446001E0,-1.180000007E-1,2.999999933E-2,2.099999972E-2,1.235516091E-1
5.785413616E0,-2.000000030E-1,-3.700000048E-2,-1.799999923E-2,2.041886412E-1
5.790380770E0,-1.360000074E-1,5.400000140E-2,-7.299999893E-2,1.635267624E-1
5.795348386E0,-1.480000019E-1,-4.100000113E-2,3.500000015E-2,1.575119064E-1
5.800315784E0,-1.070000008E-1,3.999999911E-2,3.500000015E-2,1.194738469E-1
5.805282938E0,-7.999999821E-2,-6.800000370E-2,3.500000015E-2,1.106752015E-1
5.810250323E0,-4.899999872E-2,1.099999994E-2,-7.299999893E-2,8.860586728E-2
5.815217938E0,-4.899999872E-2,-5.600000173E-2,-8.699999750E-2,1.144814379E-1
5.820185323E0,-1.449999958E-1,-2.000000095E-3,-5.999999866E-2,1.569362884E-1
5.825152472E0,-7.699999958E-2,-1.000000047E-3,-1.280000061E-1,1.493787183E-1
5.830119856E0,-7.199999690E-2,2.300000004E-2,-1.010000035E-1,1.261507046E-1
5.835087472E0,-1.260000020E-1,2.300000004E-2,-7.299999893E-2,1.474245582E-1
5.840054866E0,-1.389999986E-1,5.000000075E-2,-4.999999888E-3,1.478039231E-1
5.845022020E0,-7.100000232E-2,-5.799999833E-2,-3.299999982E-2,9.743715988E-2
5.849989656E0,-6.700000167E-2,-5.400000140E-2,-1.150000021E-1,1.436314758E-1
5.854957040E0,-9.300000221E-2,6.800000370E-2,-6.000000052E-3,1.153646433E-1
5.859924425E0,-6.599999964E-2,1.300000027E-2,-5.999999866E-2,9.013878077E-2
5.864891843E0,-1.209999993E-1,0.000000000E0,-3.299999982E-2,1.254192961E-1
5.869859228E0,-7.400000095E-2,2.500000037E-2,-4.699999839E-2,9.115920145E-2
5.874826613E0,-1.289999932E-1,2.500000037E-2,-6.000000052E-3,1.315370604E-1
5.879793992E0,-7.400000095E-2,5.200000107E-2,-1.280000061E-1,1.567290714E-1
5.884761377E0,-5.999999866E-2,2.500000037E-2,-6.000000052E-3,6.527633460E-2
5.889728743E0,-9.499999881E-2,2.300000004E-2,-5.999999866E-2,1.146908872E-1
5.894696127E0,-1.209999993E-1,-3.000000026E-3,-6.000000052E-3,1.211858071E-1
5.899663512E0,-6.700000167E-2,1.180000007E-1,8.799999952E-2,1.617312595E-1
5.904630881E0,-1.759999990E-1,8.999999613E-3,-5.999999866E-2,1.861639049E-1
5.909598266E0,-1.000000015E-1,-3.000000026E-3,1.999999955E-2,1.020245082E-1
5.914565651E0,-5.900000036E-2,-4.399999976E-2,-7.400000095E-2,1.043695366E-1
5.919533006E0,-3.200000152E-2,-3.000000026E-3,6.000000052E-3,3.269556695E-2
5.924500468E0,-7.199999690E-2,9.999999776E-3,-4.699999839E-2,8.656211295E-2
5.929467848E0,-1.439999938E-1,-1.299999952E-1,-4.800000042E-2,1.998499362E-1
5.934435156E0,-6.100000069E-2,8.799999952E-2,-1.019999981E-1,1.478817082E-1
5.939402541E0,-8.900000155E-2,-6.000000052E-3,-1.999999955E-2,9.141663010E-2
5.944369939E0,-1.019999981E-1,6.100000069E-2,-1.019999981E-1,1.566173659E-1
5.949337324E0,-1.080000028E-1,6.000000052E-3,-1.019999981E-1,1.486741410E-1
5.954304786E0,-5.299999937E-2,-3.400000185E-2,-7.000000216E-3,6.335613674E-2
5.959272170E0,-9.399999678E-2,4.699999839E-2,-8.900000155E-2,1.377170996E-1
5.964239478E0,-1.350000054E-1,7.400000095E-2,-7.500000298E-2,1.712483636E-1
5.969206940E0,-2.400000021E-2,-1.899999939E-2,-1.019999981E-1,1.064941294E-1
5.974174324E0,-6.499999762E-2,3.400000185E-2,-7.000000216E-3,7.368853248E-2
5.979141709E0,-3.799999878E-2,-3.299999982E-2,-6.199999899E-2,7.985611917E-2
5.984109040E0,-5.099999905E-2,-4.699999839E-2,3.299999982E-2,7.680494606E-2
5.989076502E0,-6.100000069E-2,4.500000179E-2,1.899999939E-2,7.814729823E-2
5.994043887E0,-4.699999839E-2,9.899999946E-2,-7.500000298E-2,1.327968380E-1
5.999011257E0,-3.299999982E-2,3.099999949E-2,-7.500000298E-2,8.760707964E-2
6.003978642E0,-8.799999952E-2,-3.599999845E-2,-7.500000298E-2,1.210991340E-1
6.008945998E0,-5.600000173E-2,2.899999917E-2,-7.000000216E-3,6.345076948E-2
6.013913382E0,-5.600000173E-2,-5.200000107E-2,-1.030000001E-1,1.282536562E-1
6.018880690E0,-6.899999827E-2,4.199999943E-2,-6.199999899E-2,1.018282848E-1
6.023848146E0,-1.369999945E-1,2.899999917E-2,-1.430000067E-1,2.001474465E-1
6.028815531E0,-7.800000161E-2,-2.300000004E-2,-1.030000001E-1,1.312326190E-1
6.033782839E0,-5.000000075E-2,5.700000003E-2,-2.099999972E-2,7.867655347E-2
6.038750300E0,4.500000179E-2,5.799999833E-2,-3.500000015E-2,8.132650231E-2
6.043717685E0,-1.040000021E-1,-3.700000048E-2,-7.500000298E-2,1.334541154E-1
6.048685300E0,-7.199999690E-2,6.700000167E-2,1.010000035E-1,1.409751768E-1
6.053652454E0,-7.100000232E-2,2.500000037E-2,-7.599999756E-2,1.069672846E-1
6.058619839E0,-4.399999976E-2,-5.600000173E-2,-2.099999972E-2,7.424958021E-2
6.063587213E0,-5.700000003E-2,2.500000037E-2,-7.599999756E-2,9.823441174E-2
6.068554829E0,-4.100000113E-2,3.599999845E-2,-3.500000015E-2,6.482283542E-2
6.073521983E0,-6.800000370E-2,2.199999988E-2,-7.599999756E-2,1.043264114E-1
6.078489579E0,0.000000000E0,-4.500000179E-2,-1.030000001E-1,1.124010684E-1
6.083456964E0,-1.300000027E-2,8.999999613E-3,-1.299999952E-1,1.309580038E-1
6.088424118E0,0.000000000E0,8.000000380E-3,-6.199999899E-2,6.251399748E-2
6.093391502E0,-2.700000070E-2,-3.200000152E-2,-1.570000052E-1,1.624869280E-1
6.098359118E0,-5.400000140E-2,6.199999899E-2,-3.500000015E-2,8.935882741E-2
6.103326492E0,-6.800000370E-2,4.899999872E-2,-4.800000042E-2,9.658675073E-2
6.108293646E0,0.000000000E0,-4.999999888E-3,-6.199999899E-2,6.220128514E-2
6.113261031E0,-4.100000113E-2,-4.999999888E-3,-4.800000042E-2,6.332456184E-2
6.118228665E0,-2.700000070E-2,4.899999872E-2,-6.199999899E-2,8.351047711E-2
6.123196050E0,-8.200000226E-2,8.000000380E-3,-7.000000216E-3,8.268615592E-2
6.128163209E0,1.200000010E-2,1.999999955E-2,1.899999939E-2,3.008321727E-2
6.133130824E0,-1.000000047E-3,6.100000069E-2,-1.030000001E-1,1.197121552E-1
6.138098209E0,-2.800000086E-2,1.999999955E-2,3.200000152E-2,4.698936186E-2
6.143065584E0,-2.800000086E-2,-6.100000069E-2,-1.030000001E-1,1.229390099E-1
6.148032738E0,-1.019999981E-1,3.099999949E-2,-6.199999899E-2,1.233247723E-1
6.153000353E0,6.000000052E-3,3.099999949E-2,-4.800000042E-2,5.745432977E-2
6.157967737E0,1.999999955E-2,-5.000000075E-2,-1.030000001E-1,1.162282241E-1
6.162935122E0,-4.699999839E-2,4.500000179E-2,-4.800000042E-2,8.085790035E-2
6.167902511E0,-6.899999827E-2,-3.400000185E-2,-6.199999899E-2,9.879777205E-2
6.172869896E0,-2.800000086E-2,1.999999955E-2,-8.900000155E-2,9.542012527E-2
6.177837281E0,-5.499999970E-2,4.699999839E-2,-6.199999899E-2,9.527853741E-2
6.182804665E0,-4.199999943E-2,6.000000052E-3,-3.500000015E-2,5.499999967E-2
6.187772050E0,-3.900000080E-2,3.200000152E-2,8.699999750E-2,1.005683833E-1
6.192739435E0,1.499999966E-2,-3.599999845E-2,-1.030000001E-1,1.101362788E-1
6.197706800E0,1.000000047E-3,4.500000179E-2,-2.669999897E-1,2.707674181E-1
6.202674185E0,5.600000173E-2,8.600000292E-2,-4.899999872E-2,1.137233510E-1
6.207641665E0,-9.999999776E-3,4.000000190E-3,-4.899999872E-2,5.016971070E-2
6.212609050E0,-2.400000021E-2,-3.599999845E-2,-3.500000015E-2,5.565069549E-2
6.217576358E0,1.600000076E-2,-6.300000101E-2,-3.500000015E-2,7.382411640E-2
6.222543752E0,-2.400000021E-2,1.700000092E-2,4.600000009E-2,5.459853523E-2
6.227511137E0,-9.999999776E-3,1.600000076E-2,-4.899999872E-2,5.250714136E-2
6.232478522E0,1.700000092E-2,-9.999999776E-3,-7.599999756E-2,7.851751178E-2
6.237445992E0,-6.400000304E-2,-2.400000021E-2,-7.599999756E-2,1.022154588E-1
6.242413377E0,-7.800000161E-2,5.700000003E-2,-2.099999972E-2,9.886354355E-2
6.247380689E0,-2.199999988E-2,-2.199999988E-2,-1.030000001E-1,1.075964684E-1
6.252348151E0,1.799999923E-2,4.000000190E-3,3.200000152E-2,3.693237159E-2
6.257315536E0,-8.000000380E-3,-8.999999613E-3,-8.000000380E-3,1.445683247E-2
6.262282906E0,-2.199999988E-2,1.799999923E-2,-1.030000001E-1,1.068503626E-1
6.267250214E0,1.700000092E-2,1.600000076E-2,-6.199999899E-2,6.624952777E-2
6.272217675E0,-3.700000048E-2,2.999999933E-2,-1.299999952E-1,1.384521533E-1
6.277185039E0,8.500000089E-2,8.399999887E-2,-7.599999756E-2,1.416227368E-1
6.282152424E0,1.700000092E-2,1.389999986E-1,-8.000000380E-3,1.402640354E-1
6.287119808E0,-3.400000185E-2,5.299999937E-2,-1.030000001E-1,1.207228234E-1
6.292087193E0,1.899999939E-2,1.200000010E-2,-8.000000380E-3,2.385372058E-2
6.297054578E0,-8.900000155E-2,-1.400000043E-2,-2.099999972E-2,9.250946047E-2
6.302021900E0,-7.000000216E-3,2.500000037E-2,-2.099999972E-2,3.339161586E-2
6.306989362E0,4.999999888E-3,1.099999994E-2,-1.169999987E-1,1.176222755E-1
6.311956746E0,-8.900000155E-2,-2.899999917E-2,-1.169999987E-1,1.498365774E-1
6.316924145E0,4.999999888E-3,-1.600000076E-2,-4.899999872E-2,5.178802852E-2
6.321891453E0,3.200000152E-2,-2.000000095E-3,3.200000152E-2,4.529900876E-2
6.326858914E0,-7.000000216E-3,2.300000004E-2,-6.199999899E-2,6.649811937E-2
6.331826294E0,1.140000001E-1,1.309999973E-1,-9.200000167E-1,9.362462443E-1
6.336793679E0,3.479999900E-1,-4.399999976E-2,7.810000181E-1,8.561547882E-1
6.341761063E0,1.150000021E-1,1.360000074E-1,9.029999971E-1,9.203966522E-1
6.346728448E0,-4.639999866E-1,1.700000018E-1,4.259999990E-1,6.524354278E-1
6.351696063E0,-5.090000033E-1,1.870000064E-1,7.100000232E-2,5.468921339E-1
6.356663237E0,-3.039999902E-1,-1.350000054E-1,1.324000001E0,1.365143581E0
6.361630622E0,-2.099999934E-1,-3.499999940E-1,3.560000062E-1,5.416050198E-1
6.366598237E0,-3.639999926E-1,-4.029999971E-1,-4.880000055E-1,7.301020461E-1
6.371565391E0,-1.209999993E-1,-1.589999944E-1,6.010000110E-1,6.333427281E-1
6.376532776E0,3.339999914E-1,1.340000033E-1,2.739999890E-1,4.523140382E-1
6.381500405E0,-3.700000048E-2,2.370000035E-1,3.000000026E-3,2.398895614E-1
6.386467790E0,8.610000014E-1,2.199999988E-1,1.746999979E0,1.960033145E0
6.391434944E0,8.679999709E-1,-4.899999872E-2,1.911000013E0,2.099463265E0
6.396402573E0,6.779999733E-1,3.289999962E-1,3.831000090E0,3.904418862E0
6.401369958E0,-3.479999900E-1,-4.699999839E-2,-2.010000050E-1,4.046158609E-1
6.406337338E0,-4.350000024E-1,-1.809999943E-1,1.350000024E0,1.429855260E0
6.411304492E0,-3.729999959E-1,6.599999964E-2,-1.072999954E0,1.137898897E0
